namespace,source_json,table_csv,field_count
reference,results/reference/kb1_results.json,results/tables/sources/reference/kb1_results.csv,73
reference,results/reference/kb2_test.json,results/tables/sources/reference/kb2_test.csv,639
reference,results/reference/nfip_qa.json,results/tables/sources/reference/nfip_qa.csv,25
reference,results/reference/prereg_H1.json,results/tables/sources/reference/prereg_H1.csv,62
reference,results/reference/review_diag.json,results/tables/sources/reference/review_diag.csv,320
reference,results/reference/review_k_300000_1000000_3000000.json,results/tables/sources/reference/review_k_300000_1000000_3000000.csv,38
reference,results/reference/review_kb1_paired.json,results/tables/sources/reference/review_kb1_paired.csv,15
reference,results/reference/review_rule_county.json,results/tables/sources/reference/review_rule_county.csv,20
reference,results/reference/review_rule_tract.json,results/tables/sources/reference/review_rule_tract.csv,20
reference,results/reference/v4_counts.json,results/tables/sources/reference/v4_counts.csv,10
reference,results/reference/v4_lag3.json,results/tables/sources/reference/v4_lag3.csv,17
reference,results/reference/v4_tree.json,results/tables/sources/reference/v4_tree.csv,9
reference,results/reference/v4_tune.json,results/tables/sources/reference/v4_tune.csv,53
supplementary,results/supplementary/extra_baselines.json,results/tables/sources/supplementary/extra_baselines.csv,95
supplementary,results/supplementary/extra_stats.json,results/tables/sources/supplementary/extra_stats.csv,224
supplementary,results/supplementary/kb1_credibility_transformer.json,results/tables/sources/supplementary/kb1_credibility_transformer.csv,20
supplementary,results/supplementary/kb1_results.json,results/tables/sources/supplementary/kb1_results.csv,73
supplementary,results/supplementary/kb2_pilot.json,results/tables/sources/supplementary/kb2_pilot.csv,693
supplementary,results/supplementary/kb3_robust.json,results/tables/sources/supplementary/kb3_robust.csv,142
supplementary,results/supplementary/kgrid_ext.json,results/tables/sources/supplementary/kgrid_ext.csv,4
supplementary,results/supplementary/nfip_desc.json,results/tables/sources/supplementary/nfip_desc.csv,37
supplementary,results/supplementary/numerical_stability.json,results/tables/sources/supplementary/numerical_stability.csv,17
supplementary,results/supplementary/spatial_oos.json,results/tables/sources/supplementary/spatial_oos.csv,313
supplementary,results/supplementary/tk_results.json,results/tables/sources/supplementary/tk_results.csv,16
supplementary,results/supplementary/unmatched_claims.json,results/tables/sources/supplementary/unmatched_claims.csv,128
audit,results/audit/equation_consistency.json,results/tables/sources/audit/equation_consistency.csv,11
audit,results/audit/h1b_estimands.json,results/tables/sources/audit/h1b_estimands.csv,5
audit,results/audit/matching_audit_summary.json,results/tables/sources/audit/matching_audit_summary.csv,57
audit,results/audit/nfip_qa_recomputed.json,results/tables/sources/audit/nfip_qa_recomputed.csv,25
audit,results/audit/raw_manifest.json,results/tables/sources/audit/raw_manifest.csv,1
