comparison,rel,lo95_2s,hi95_2s,hi95_1s,lo95_1s
EAGB (HCE đồng thời) || GLM Tweedie (đối chứng chính),0.1666229111269977,-0.30737684228229806,0.8183608986996905,0.7115325169972827,-0.23786304302013792
EAGB (HCE đồng thời) || GBDT + mã hóa phẳng co ngót (H1c),-0.2113412678560423,-0.36293098819681546,-0.02572696633273227,-0.05315516903399272,-0.3416482604413221
EAGB (HCE đồng thời) || GBDT + HCE tuần tự (GT2),-0.16327904161078405,-0.2953105131748672,0.04374225240119242,0.00390865597043405,-0.27438221684810565
EAGB (HCE đồng thời) || GBDT phân loại nội tại (bang/quận/tract),-0.7098754099302942,-0.7705573975284867,-0.6245972272011691,-0.641655130912391,-0.7636570529295533
GBDT + HCE tuần tự (GT2) || GLM Tweedie (đối chứng chính),0.3942795377958273,-0.2198873503341631,1.237471802760517,1.0608282615359381,-0.13985048670405897
GBDT + HCE tuần tự (GT2) || GBDT + mã hóa phẳng co ngót (H1c),-0.05744116454042642,-0.2500481794074343,0.07505112988503312,0.05727595924139435,-0.21419807363433405
GBDT + HCE tuần tự (GT2) || GBDT phân loại nội tại (bang/quận/tract),-0.6532600418803552,-0.7379800212766608,-0.5775724616537194,-0.5925037757899341,-0.7214553314771229
GBDT + mã hóa phẳng co ngót (H1c) || GLM Tweedie (đối chứng chính),0.4792493426853332,-0.11272654808248757,1.2669611856426966,1.1261857879143102,-0.03395018885462046
GBDT + mã hóa phẳng co ngót (H1c) || GBDT + HCE tuần tự (GT2),0.06094172838814801,-0.06981168172528743,0.33341919981419654,0.272586043942841,-0.05417313937423757
GBDT + mã hóa phẳng co ngót (H1c) || GBDT phân loại nội tại (bang/quận/tract),-0.63212910953131,-0.7178086469941883,-0.5105840877194502,-0.5400902652876431,-0.7042533557077192
GBDT + mã hóa cấp quận (lùi về nút cha) || GLM Tweedie (đối chứng chính),0.24214324782500415,-0.284527822940268,1.0062213630949959,0.8372823221569794,-0.20830411303750254
GBDT + mã hóa cấp quận (lùi về nút cha) || GBDT + mã hóa phẳng co ngót (H1c),-0.16028811912797744,-0.35075205121579073,0.06636367665333541,0.022498901034517106,-0.31848772073144416
GBDT + mã hóa cấp quận (lùi về nút cha) || GBDT + HCE tuần tự (GT2),-0.10911462575957374,-0.24833869418217158,0.08843048152486897,0.05086453308423644,-0.22763913436356736
GBDT + mã hóa cấp quận (lùi về nút cha) || GBDT phân loại nội tại (bang/quận/tract),-0.6910944426464706,-0.7580624964856403,-0.6118929960000596,-0.6274136991691128,-0.7481338514695296
GBDT phân loại nội tại (bang/quận/tract) || GLM Tweedie (đối chứng chính),3.021110071527212,1.406048312715554,4.998750645230857,4.642112670736897,1.6267108410403115
GBDT phân loại nội tại (bang/quận/tract) || GBDT + mã hóa phẳng co ngót (H1c),1.718345011549946,1.0432520587601708,2.543694709663085,2.381273747692597,1.1743397182109219
GBDT phân loại nội tại (bang/quận/tract) || GBDT + HCE tuần tự (GT2),1.8840056549091,1.3672702599803477,2.816502882409466,2.5900884699031277,1.4540104683296873
GBDT không biến địa lý || GLM Tweedie (đối chứng chính),-0.20066537675188223,-0.41297629118103424,0.12245660886708613,0.07220885779398574,-0.38398429890135927
GBDT không biến địa lý || GBDT + mã hóa phẳng co ngót (H1c),-0.45963496471997234,-0.5540884733149217,-0.2957170534470307,-0.3240204660248983,-0.542910371537837
GBDT không biến địa lý || GBDT + HCE tuần tự (GT2),-0.4267041855094849,-0.5425945675705978,-0.17553132362278315,-0.2279934057947916,-0.5270105653838799
GBDT không biến địa lý || GBDT phân loại nội tại (bang/quận/tract),-0.8012154332933912,-0.848833447440494,-0.7128933781545107,-0.7329449792696072,-0.8423631214487324
EAGB-PG (Poisson–Gamma) || GLM Tweedie (đối chứng chính),-0.12049220667434743,-0.4558526371212847,0.3336704977284255,0.25487823004975124,-0.3975297514734506
EAGB-PG (Poisson–Gamma) || GBDT + mã hóa phẳng co ngót (H1c),-0.4054364143038582,-0.5119496287673029,-0.25017239411509296,-0.2829303385479034,-0.49461236012295334
EAGB-PG (Poisson–Gamma) || GBDT + HCE tuần tự (GT2),-0.3692026817548805,-0.4679155869629214,-0.18555271267313525,-0.22662562888142518,-0.45010288675531657
EAGB-PG (Poisson–Gamma) || GBDT phân loại nội tại (bang/quận/tract),-0.7812773642897031,-0.8231268008301929,-0.7140383531960166,-0.7284856661368878,-0.8184132661069979
Tín nhiệm phân cấp thuần (HCE) || GLM Tweedie (đối chứng chính),-0.3531166688187238,-0.5251512596244879,-0.16595995558568932,-0.19154785132751953,-0.49643091754653684
Tín nhiệm phân cấp thuần (HCE) || GBDT + mã hóa phẳng co ngót (H1c),-0.5626948665686299,-0.7408293182858043,-0.20354140090785455,-0.26972140398505323,-0.7195646531861501
Tín nhiệm phân cấp thuần (HCE) || GBDT + HCE tuần tự (GT2),-0.5360447359043125,-0.7349348092199024,-0.07406106803591378,-0.16756887321469727,-0.7128630081469245
Tín nhiệm phân cấp thuần (HCE) || GBDT phân loại nội tại (bang/quận/tract),-0.8391281711580725,-0.9060249863810255,-0.6915778452664011,-0.7247369070458615,-0.897927413721396
GLM Tweedie (đối chứng chính) || GBDT + mã hóa phẳng co ngót (H1c),-0.323981447113801,-0.5588808456956985,0.1270485177539587,0.035143453431643684,-0.52967420719968
GLM Tweedie (đối chứng chính) || GBDT + HCE tuần tự (GT2),-0.28278370807846137,-0.5530669721313063,0.28186622932293687,0.16258862130974316,-0.5147582071052766
GLM Tweedie (đối chứng chính) || GBDT phân loại nội tại (bang/quận/tract),-0.7513124529763988,-0.8332985858904239,-0.5843807196496011,-0.6192954611652887,-0.8227614178531877
GLM Tweedie + spline (xấp xỉ GAM) || GLM Tweedie (đối chứng chính),0.049459420624494634,0.011252065854449406,0.1013549513526958,0.09059289815162458,0.015848730373020793
GLM Tweedie + spline (xấp xỉ GAM) || GBDT + mã hóa phẳng co ngót (H1c),-0.29054596115664033,-0.5338041406372339,0.16558908413390816,0.082297102971478,-0.509605189537527
GLM Tweedie + spline (xấp xỉ GAM) || GBDT + HCE tuần tự (GT2),-0.2473106058175737,-0.5309281317292152,0.34501230750178136,0.22049925271169496,-0.4941620143034532
GLM Tweedie + spline (xấp xỉ GAM) || GBDT phân loại nội tại (bang/quận/tract),-0.7390125109840847,-0.8248086706112636,-0.5698382659515459,-0.6042239987280819,-0.8138382789041558
CatBoost OTS (có thứ tự thời gian) || GLM Tweedie (đối chứng chính),0.40817463713645896,-0.1812785764059378,1.2316109632635315,1.0474138552735035,-0.09377263173708901
CatBoost OTS (có thứ tự thời gian) || GBDT + mã hóa phẳng co ngót (H1c),-0.04804781959196265,-0.20115030131356784,0.09877433865212544,0.07610029685772586,-0.17431808228273438
CatBoost OTS (có thứ tự thời gian) || GBDT + HCE tuần tự (GT2),0.009965791624969234,-0.06312068038336296,0.14530360963855993,0.11727504534944598,-0.05288313525597953
CatBoost OTS (có thứ tự thời gian) || GBDT phân loại nội tại (bang/quận/tract),-0.6498045037096843,-0.722830086609663,-0.570016905994922,-0.5845000309477898,-0.7087305790578884
Mô hình rỗng || GLM Tweedie (đối chứng chính),-0.2278290463858622,-0.43663715630376587,0.09762658723582981,0.04209087364049381,-0.40853895988871275
Mô hình rỗng || GBDT + mã hóa phẳng co ngót (H1c),-0.47799810935701426,-0.6672251164188553,-0.10789405339056135,-0.17096602244546888,-0.6412764275941645
Mô hình rỗng || GBDT + HCE tuần tự (GT2),-0.4461864119193497,-0.6618954949761527,0.05334748331379373,-0.03924427726600033,-0.633463156936851
Mô hình rỗng || GBDT phân loại nội tại (bang/quận/tract),-0.8079706996628251,-0.8823104292186654,-0.6455842678550333,-0.680715572485594,-0.8711305008497924
