model,tweedie_dev,gini,rmse_rate,mae_rate,OE,slope,max_dec_dev,dec_OE,OE_by_year.2021,OE_by_year.2022,OE_by_year.2023
EAGB (HCE đồng thời),256.21333894610524,0.4521356398721692,9201.536578115249,663.5821405636715,1.2584825495827299,0.0809182830409549,32.51304153926396,"[20.380304551693914,33.51304153926396,11.364551282965568,18.10153853943017,26.856517173275897,29.253590957701245,22.180954175419856,9.098717151706815,4.931426983967302,0.2816153093060207]",2.687321368903117,0.14077079975740242,0.5142588665352401
GBDT + HCE tuần tự (GT2),306.2112122054957,0.3546153852387588,8513.327875713854,642.4944666675585,1.3543401989010144,0.024345087899165077,80.40841370987971,"[81.40841370987971,21.36218924372375,25.382915711599107,33.966966309916316,34.59825498525615,32.58547869323389,27.50784734778017,10.451512060986115,2.894670995240601,0.22635826203060994]",3.509645153414976,0.15741401903422553,0.41177882483099054
GBDT + mã hóa phẳng co ngót (H1c),324.8722527291276,0.5173583519713032,12262.89869946411,1002.2985432631226,0.5907332404210184,0.08523781198534863,116.48752710776427,"[89.63647203893021,117.48752710776427,42.5267502687295,30.250342721009538,30.543675756813734,19.312976032602492,25.13125990253214,26.097028069588564,16.961189884109483,0.1431428074115496]",4.1938282056942455,0.04910329130057913,0.14594952470513267
GBDT + mã hóa cấp quận (lùi về nút cha),272.79909038230716,0.3785757305468571,8309.492311178434,591.3253232875959,1.6708377185613703,0.07095892269934395,37.36231128035412,"[5.941880383763397,30.881840356807928,11.268798753417002,20.963219127094206,38.36231128035412,34.371257677596596,21.00410561042363,7.429936445084852,4.181307562349003,0.32659650981016025]",2.587625915467056,0.3881414005543559,0.6082375486968866
GBDT phân loại nội tại (bang/quận/tract),883.1148675972194,0.006908532993612493,8656.361409363662,978.9987263075568,0.6011244154494221,0.014447966473148784,2669.0051684949212,"[2670.0051684949212,651.1988558574934,230.0197838565943,112.01131863130306,42.46585257094537,14.741501355620134,4.586503328977273,1.7479849729130759,0.4220382788207095,0.06384198089655303]",1.5222684745013422,0.07172811520638445,0.1821873817042655
GBDT không biến địa lý,175.54960630747775,0.3861774534330391,8663.51288684718,1046.4322524329468,0.5311039466411385,0.1476133079073952,26.02551217329429,"[27.02551217329429,9.641918246062856,13.904881163224823,7.295069606467422,5.135032202002303,2.957844776525917,2.196791832793975,1.5287542319754437,0.7042628591482577,0.14804607802801406]",1.3616074798535438,0.06332695299350591,0.15907711984479056
EAGB-PG (Poisson–Gamma),193.15721147581337,0.4253882242983458,10105.116254955441,690.373957591539,1.149943159661442,0.24895929051846744,14.540045089954017,"[1.2274330336262478,2.4423865580445097,9.146031039524491,11.694607534766275,13.223162840959759,15.540045089954017,9.511039719093496,4.29559535574319,2.425758829797492,0.34609740836528796]",2.4746505543356903,0.12814048007433537,0.4665400883007448
Tín nhiệm phân cấp thuần (HCE),142.06830382786148,0.41102613731784565,8193.533470612649,1356.6214292580496,0.3626293373377643,-0.6276888841168714,0.9973365891137425,"[0.011174970260411279,0.3253922525262275,0.848679823911939,0.7980107416699581,0.17273459369683858,0.038381511862744806,0.3176458163890152,1.3967344341784265,0.3740072955954956,0.0026634108862575606]",0.8775967026664154,0.04419734671668768,0.11293006682153846
GLM Tweedie (đối chứng chính),219.6196701628248,0.0821469009086353,8660.354618912972,1704.7709407988937,0.2741880398288879,-0.3685367029986657,22.11665983962237,"[23.11665983962237,15.513517342686576,8.278078814386694,4.665847988106903,2.157078483855555,1.61447533029361,0.6746251790049906,0.43185882016178073,0.18280452784564757,0.02109489934767386]",0.7113622543440741,0.03257662201649514,0.08144468431458664
GLM Tweedie + spline (xấp xỉ GAM),230.4819318068207,0.08175962679353588,8676.056442144907,1713.8879518442388,0.27243950377133747,-0.42079422123886945,32.39141698871874,"[33.39141698871874,16.090364994325054,7.931152179521379,4.755726177208277,2.305900067049514,1.6727880339257015,0.7750203685699859,0.5338564315671935,0.1558024729538173,0.01859856716320679]",0.7072154824467988,0.03237736521598658,0.08086050731185655
CatBoost OTS (có thứ tự thời gian),309.26284933955037,0.3647923071772443,8121.2876027222865,393.31650291755216,17.654896757577237,3.378048788659659,57.701179961430775,"[12.325696208339656,4.344702639120184,8.773582435580316,5.108337865126693,7.3120336185672485,20.007630593898313,16.41510561917387,58.701179961430775,6.224180654567739,20.681730920733347]",46.20111516798483,2.0972935156977037,5.200948031201024
Mô hình rỗng,169.58393014204958,-3.0727642652550458e-12,8166.916131088879,1627.91206717172,0.28653915019257087,nan,0.9846701161439304,"[0.2957020667729159,0.4843780568930733,0.7968197283284545,0.918729238404173,0.05287863731607283,0.015329883856069577,0.03051842447687354,0.08131723093100861,0.051637034253308345,0.13793278047690763]",0.7437414878114288,0.03403268721161381,0.08510371734509523
