window,model,tweedie_deviance
2021,EAGB (HCE đồng thời),742.711493124626
2021,GBDT + HCE tuần tự,1050.674600330698
2021,GBDT + mã hóa phẳng,998.315402061804
2021,GBDT không dùng địa lý,497.39314432429626
2021,GBDT địa lý phân loại nội tại,1643.838816666218
2022,EAGB (HCE đồng thời),43.34040242519977
2022,GBDT + HCE tuần tự,44.375779828909565
2022,GBDT + mã hóa phẳng,73.39476251438411
2022,GBDT không dùng địa lý,67.00660988828864
2022,GBDT địa lý phân loại nội tại,73.76678115960043
2023,EAGB (HCE đồng thời),89.29456490818995
2023,GBDT + HCE tuần tự,107.21282296871942
2023,GBDT + mã hóa phẳng,132.28360929822313
2023,GBDT không dùng địa lý,96.42204809129777
2023,GBDT địa lý phân loại nội tại,301.57242665934353
2024,EAGB (HCE đồng thời),138.2543472784764
2024,GBDT + HCE tuần tự,130.78753546786132
2024,GBDT + mã hóa phẳng,341.6528241166213
2024,GBDT không dùng địa lý,141.3245037248587
2024,GBDT địa lý phân loại nội tại,396.88108162990477
2021-2023,EAGB (HCE đồng thời),290.69659963426193
2021-2023,GBDT + HCE tuần tự,399.1814938773738
2021-2023,GBDT + mã hóa phẳng,399.88932623939286
2021-2023,GBDT không dùng địa lý,219.60967827067452
2021-2023,GBDT địa lý phân loại nội tại,671.037594042215
2022-2023,EAGB (HCE đồng thời),66.48567116166997
2022-2023,GBDT + HCE tuần tự,76.02427849569314
2022-2023,GBDT + mã hóa phẳng,103.05471301173642
2022-2023,GBDT không dùng địa lý,81.82198645970772
2022-2023,GBDT địa lý phân loại nội tại,188.5033490761252
2024,EAGB (HCE đồng thời),138.2543472784764
2024,GBDT + HCE tuần tự,130.78753546786132
2024,GBDT + mã hóa phẳng,341.6528241166213
2024,GBDT không dùng địa lý,141.3245037248587
2024,GBDT địa lý phân loại nội tại,396.88108162990477
