model,decile,cells,exposure,observed_loss,predicted_loss,exposure_share,observed_rate,predicted_rate,OE,abs_OE_minus_1
EAGB,1,3271,119569.23203285421,1059129.8599999999,51968.30387463324,0.09999755161748683,8.857879589867911,0.4346294024900472,20.380304551693907,19.380304551693907
EAGB,2,12613,119567.05270362765,5172782.04,154351.3152615395,0.09999572901159466,43.262603894919444,1.2909184576467905,33.51304153926395,32.51304153926395
EAGB,3,21868,119062.1902806297,3548882.73,312276.53795002477,0.09957350495491096,29.80696660825137,2.622801892137115,11.364551282965568,10.364551282965568
EAGB,4,28763,120056.99657768651,10988877.13,607068.6812650305,0.10040547646085829,91.53050170540719,5.0565039820249735,18.101538539430173,17.101538539430173
EAGB,5,37928,119604.00273785078,29393643.95,1094469.6872031018,0.10002663088234917,245.75802880464857,9.150778085596109,26.856517173275893,25.856517173275893
EAGB,6,45852,119297.75770020534,57634630.15,1970172.8322289,0.09977051353979458,483.1157874302678,16.51475157797965,29.253590957701245,28.253590957701245
EAGB,7,52585,119845.62354551678,82024877.19,3697986.8648255463,0.10022870200696592,684.4211308129024,30.856252864511728,22.18095417541986,21.18095417541986
EAGB,8,63703,119570.57631759069,70490213.99,7747269.51224952,0.09999867586308112,589.5280942927913,64.79244100715918,9.098717151706815,8.098717151706815
EAGB,9,65746,119573.87816563997,96331654.03,19534235.089191522,0.10000143724839008,805.6245687419821,163.36540546198293,4.931426983967302,3.9314269839673024
EAGB,10,66799,119574.28610540726,90055378.02,319781542.5657141,0.10000177841456839,753.133311125222,2674.333696492404,0.2816153093060207,0.7183846906939793
GLM Tweedie,1,36147,119570.31074606434,14899503.64,644535.3153686149,0.09999845376160933,124.60872224077931,5.390429374541286,23.116659839622375,22.116659839622375
GLM Tweedie,2,46236,119560.22997946612,34324160.58,2212532.452943767,0.09999002306450515,287.0867727997429,18.505588800922837,15.513517342686576,14.513517342686576
GLM Tweedie,3,46820,119527.84120465435,42398167.47,5121740.010051015,0.09996293584377115,354.7137390142125,42.849765865691694,8.278078814386694,7.278078814386694
GLM Tweedie,4,46043,119629.30321697467,50270146.65,10774064.388324907,0.10004779005452186,420.2159947285137,90.0620842769912,4.665847988106903,3.6658479881069033
GLM Tweedie,5,43251,119572.75017111568,44904171.57,20817124.599814482,0.10000049388956149,375.5385027586927,174.09589199900432,2.157078483855555,1.157078483855555
GLM Tweedie,6,39287,119567.92060232717,64432692.76,39909369.657746464,0.09999645484836328,538.879428825209,333.77990899818076,1.61447533029361,0.6144753302936099
GLM Tweedie,7,37311,119574.16016427104,49332335.12,73125546.82996061,0.10000167308809724,412.56685434568146,611.5497422645553,0.6746251790049905,0.3253748209950095
GLM Tweedie,8,39596,119572.62422997947,62299764.29,144259562.11027852,0.10000038856309033,521.020297841553,1206.4597815702157,0.4318588201617807,0.5681411798382193
GLM Tweedie,9,37808,119563.62765229295,63004671.27,344655966.744973,0.09999286458952043,526.9551661080912,2882.615503665368,0.18280452784564757,0.8171954721543524
GLM Tweedie,10,26629,119582.82819986311,20834455.74,987653716.503626,0.10000892229695978,174.22614980454065,8259.160043053376,0.021094899347673855,0.9789051006523262
