label_family,scope,comparator,input_excluded_loss,allocated_excluded_loss,unallocated_excluded_loss,groups,covered_groups,base_deviance_difference,minimum_deviance_difference_at_full_allocation,maximum_deviance_difference_at_full_allocation,fraction_to_zero_under_minimizing_allocation,fraction_to_zero_under_maximizing_allocation
missing_ded,tract,GLM Tweedie,21711434.729999997,21556396.060000002,155038.67,138,137,36.593668783280485,30.019746310266,63.45052907050032,,
missing_ded,tract,GBDT mã hóa phẳng,21711434.729999997,21556396.060000002,155038.67,138,137,-68.6589137830223,-101.33689467612001,-58.82316834480484,,
missing_ded,tract,GBDT không địa lý,21711434.729999997,21556396.060000002,155038.67,138,137,80.66373263862754,65.56223644219668,104.13213110277306,,
unmatched,tract,GLM Tweedie,23125060.96,23125060.96,0.0,357,357,36.593668783280485,27.802111525508483,61.979061300911674,,
unmatched,tract,GBDT mã hóa phẳng,23125060.96,23125060.96,0.0,357,357,-68.6589137830223,-96.71135314226608,-58.09959622400387,,
unmatched,tract,GBDT không địa lý,23125060.96,23125060.96,0.0,357,357,80.66373263862754,66.44855725714565,103.93944399090486,,
combined,tract,GLM Tweedie,44836495.69,44681457.02,155038.67,443,442,36.593668783280485,21.228189052493995,88.83592158813151,,
combined,tract,GBDT mã hóa phẳng,44836495.69,44681457.02,155038.67,443,442,-68.6589137830223,-129.3893340353638,-48.26385078578642,,
combined,tract,GBDT không địa lý,44836495.69,44681457.02,155038.67,443,442,80.66373263862754,51.34706106071481,127.4078424550504,,
missing_ded,county,GLM Tweedie,21711434.730000004,21711434.730000004,0.0,43,43,36.593668783280485,19.571968868982562,159.65822657779066,,
missing_ded,county,GBDT mã hóa phẳng,21711434.730000004,21711434.730000004,0.0,43,43,-68.6589137830223,-358.20860262822595,-15.015508711045655,,
missing_ded,county,GBDT không địa lý,21711434.730000004,21711434.730000004,0.0,43,43,80.66373263862754,-31.091559832315408,168.66859282067495,0.7217889269951183,
unmatched,county,GLM Tweedie,23125060.960000005,23125060.960000005,0.0,78,78,36.593668783280485,16.665869037169394,166.69284605721995,,
unmatched,county,GBDT mã hóa phẳng,23125060.960000005,23125060.960000005,0.0,78,78,-68.6589137830223,-341.23410606731505,-10.885137108149657,,
unmatched,county,GBDT không địa lý,23125060.960000005,23125060.960000005,0.0,78,78,80.66373263862754,-19.213580108604212,175.66749909764687,0.8076281832168463,
combined,county,GLM Tweedie,44836495.69,44836495.69,0.0,93,93,36.593668783280485,-0.35583087712853134,289.75740385173003,0.9903698052639722,
combined,county,GBDT mã hóa phẳng,44836495.69,44836495.69,0.0,93,93,-68.6589137830223,-630.7837949125187,42.758267963826974,,0.6162327273635593
combined,county,GBDT không địa lý,44836495.69,44836495.69,0.0,93,93,80.66373263862754,-130.96887257954714,263.6723592796944,0.3811498353737615,
