model_key,model,seed,num_leaves,min_data_in_leaf,best_iteration,reached_cap,training_seconds,pilot_deviance,deviance_2021_2023,deviance_2024,rank_2021_2023
EAGB,EAGB (HCE đồng thời),20260918,15,500,1957,False,33.87269370001741,41.10665579264969,301.90583775605137,148.14919373673433,1.0
EAGB,EAGB (HCE đồng thời),20260919,15,500,2512,False,43.073171700001694,41.44091638955993,316.71801281627535,156.35625775360472,1.0
EAGB,EAGB (HCE đồng thời),20260920,15,500,1928,False,34.67036150000058,41.20711491481963,305.4446315188066,149.19278058753724,1.0
EAGB,EAGB (HCE đồng thời),20260921,15,500,1894,False,34.28934899996966,41.02266363107455,295.1519387024845,141.99707520417363,1.0
EAGB,EAGB (HCE đồng thời),20260922,15,500,2052,False,36.77877619996434,41.17431867599652,302.0156229783022,145.39684384556642,1.0
KhongDiaLy,GBDT không dùng địa lý,20260918,63,500,10279,False,312.9910984999733,71.17669534481055,403.9283688435503,229.3242622901784,4.0
KhongDiaLy,GBDT không dùng địa lý,20260919,63,500,8959,False,271.52876870002365,71.97565496326578,354.11647529878337,217.91760993123495,3.0
KhongDiaLy,GBDT không dùng địa lý,20260920,63,500,9843,False,298.0527964999783,74.4810355799229,389.2023407224884,245.7072195833456,2.0
KhongDiaLy,GBDT không dùng địa lý,20260921,63,500,10182,False,440.7354406999657,67.37475122823619,392.4043154434,240.70637917061904,3.0
KhongDiaLy,GBDT không dùng địa lý,20260922,63,500,9446,False,530.3826487000333,71.48021777441879,382.50564148801146,215.14895488579276,2.0
Phang,GBDT + mã hóa phẳng,20260918,63,500,745,False,22.770244899962563,44.28656625638362,363.7738330572549,325.7528138488439,3.0
Phang,GBDT + mã hóa phẳng,20260919,63,500,1303,False,34.365341200027615,43.19639573286924,455.5032876142565,443.301907347134,4.0
Phang,GBDT + mã hóa phẳng,20260920,63,500,1353,False,35.48202769999625,45.268970285037184,445.088201631008,455.5162192875098,3.0
Phang,GBDT + mã hóa phẳng,20260921,63,500,687,False,21.80468269996345,42.46978253120641,326.28713133277773,296.63664008605457,2.0
Phang,GBDT + mã hóa phẳng,20260922,63,500,1152,False,31.53357590001542,44.39070464903686,414.6486246215858,416.8322523612946,3.0
TuanTu,GBDT + HCE tuần tự,20260918,63,500,468,False,16.595474799978547,48.11171925556823,359.14744208517243,118.554307488818,2.0
TuanTu,GBDT + HCE tuần tự,20260919,63,500,454,False,16.491243100026622,48.00128898437297,345.9866991723371,114.62884886364802,2.0
TuanTu,GBDT + HCE tuần tự,20260920,63,500,885,False,25.93887890002225,48.162361023154375,510.86714464263633,156.59961961834256,4.0
TuanTu,GBDT + HCE tuần tự,20260921,63,500,1675,False,42.1937828999944,50.87207282783785,771.124601604317,206.889504192508,5.0
TuanTu,GBDT + HCE tuần tự,20260922,63,500,686,False,21.36701450002147,48.26488908042792,445.5995259834618,136.5084064379052,4.0
DiaLyPhanLoai,GBDT địa lý phân loại nội tại,20260918,31,2000,5345,False,172.1934642000124,82.8218336753682,828.7913522561677,529.8990449523327,5.0
DiaLyPhanLoai,GBDT địa lý phân loại nội tại,20260919,31,2000,6756,False,387.5450888999621,83.23753783769118,968.5013492990826,596.3643404339939,5.0
DiaLyPhanLoai,GBDT địa lý phân loại nội tại,20260920,31,2000,6539,False,220.067523900012,81.07036034938311,970.4270886825552,646.4658926999364,5.0
DiaLyPhanLoai,GBDT địa lý phân loại nội tại,20260921,31,2000,4680,False,233.42874279996613,79.24261254953839,704.4153252448579,471.28514033566586,4.0
DiaLyPhanLoai,GBDT địa lý phân loại nội tại,20260922,31,2000,5964,False,151.93641939997906,84.16762628169944,884.4627336349332,597.7759156017715,5.0
