stage,parameter_family,candidate,validation_metric,validation_value,selected,selection_reason,train_years,validation_years,test_years,test_set_accessed,seed,locked_at_utc,source_file
pilot,hce_k_simul,100,training-source temporal encoding deviance,1209.8710271108107,false,not minimum,2012-2018,2019-2020,2021-2023,false,20260918,2026-09-18T18:36:54.164799+00:00,results/supplementary/kb2_pilot.json
pilot,hce_k_simul,300,training-source temporal encoding deviance,971.6829201510101,false,not minimum,2012-2018,2019-2020,2021-2023,false,20260918,2026-09-18T18:36:54.164799+00:00,results/supplementary/kb2_pilot.json
pilot,hce_k_simul,1000,training-source temporal encoding deviance,741.9183774182816,false,not minimum,2012-2018,2019-2020,2021-2023,false,20260918,2026-09-18T18:36:54.164799+00:00,results/supplementary/kb2_pilot.json
pilot,hce_k_simul,3000,training-source temporal encoding deviance,571.7977920685317,false,not minimum,2012-2018,2019-2020,2021-2023,false,20260918,2026-09-18T18:36:54.164799+00:00,results/supplementary/kb2_pilot.json
pilot,hce_k_simul,10000,training-source temporal encoding deviance,450.1702901546126,false,not minimum,2012-2018,2019-2020,2021-2023,false,20260918,2026-09-18T18:36:54.164799+00:00,results/supplementary/kb2_pilot.json
pilot,hce_k_simul,30000,training-source temporal encoding deviance,394.281157192536,false,not minimum,2012-2018,2019-2020,2021-2023,false,20260918,2026-09-18T18:36:54.164799+00:00,results/supplementary/kb2_pilot.json
pilot,hce_k_simul,100000,training-source temporal encoding deviance,372.293899737489,true,minimum recorded deviance,2012-2018,2019-2020,2021-2023,false,20260918,2026-09-18T18:36:54.164799+00:00,results/supplementary/kb2_pilot.json
pilot,hce_k_seq,100,training-source temporal encoding deviance,1554.5342017229534,false,not minimum,2012-2018,2019-2020,2021-2023,false,20260918,2026-09-18T18:36:54.164799+00:00,results/supplementary/kb2_pilot.json
pilot,hce_k_seq,300,training-source temporal encoding deviance,1229.5817468832556,false,not minimum,2012-2018,2019-2020,2021-2023,false,20260918,2026-09-18T18:36:54.164799+00:00,results/supplementary/kb2_pilot.json
pilot,hce_k_seq,1000,training-source temporal encoding deviance,961.7389739217697,false,not minimum,2012-2018,2019-2020,2021-2023,false,20260918,2026-09-18T18:36:54.164799+00:00,results/supplementary/kb2_pilot.json
pilot,hce_k_seq,3000,training-source temporal encoding deviance,756.7808758856701,false,not minimum,2012-2018,2019-2020,2021-2023,false,20260918,2026-09-18T18:36:54.164799+00:00,results/supplementary/kb2_pilot.json
pilot,hce_k_seq,10000,training-source temporal encoding deviance,567.4187837227212,false,not minimum,2012-2018,2019-2020,2021-2023,false,20260918,2026-09-18T18:36:54.164799+00:00,results/supplementary/kb2_pilot.json
pilot,hce_k_seq,30000,training-source temporal encoding deviance,454.6033678707536,false,not minimum,2012-2018,2019-2020,2021-2023,false,20260918,2026-09-18T18:36:54.164799+00:00,results/supplementary/kb2_pilot.json
pilot,hce_k_seq,100000,training-source temporal encoding deviance,401.1459463023326,true,minimum recorded deviance,2012-2018,2019-2020,2021-2023,false,20260918,2026-09-18T18:36:54.164799+00:00,results/supplementary/kb2_pilot.json
pilot,hce_k_flat,100,training-source temporal encoding deviance,668.2274176629982,false,not minimum,2012-2018,2019-2020,2021-2023,false,20260918,2026-09-18T18:36:54.164799+00:00,results/supplementary/kb2_pilot.json
pilot,hce_k_flat,300,training-source temporal encoding deviance,519.7266516204836,false,not minimum,2012-2018,2019-2020,2021-2023,false,20260918,2026-09-18T18:36:54.164799+00:00,results/supplementary/kb2_pilot.json
pilot,hce_k_flat,1000,training-source temporal encoding deviance,422.8613389465387,false,not minimum,2012-2018,2019-2020,2021-2023,false,20260918,2026-09-18T18:36:54.164799+00:00,results/supplementary/kb2_pilot.json
pilot,hce_k_flat,3000,training-source temporal encoding deviance,384.9559050597887,false,not minimum,2012-2018,2019-2020,2021-2023,false,20260918,2026-09-18T18:36:54.164799+00:00,results/supplementary/kb2_pilot.json
pilot,hce_k_flat,10000,training-source temporal encoding deviance,374.06361469288316,false,not minimum,2012-2018,2019-2020,2021-2023,false,20260918,2026-09-18T18:36:54.164799+00:00,results/supplementary/kb2_pilot.json
pilot,hce_k_flat,30000,training-source temporal encoding deviance,373.43078356160936,true,minimum recorded deviance,2012-2018,2019-2020,2021-2023,false,20260918,2026-09-18T18:36:54.164799+00:00,results/supplementary/kb2_pilot.json
pilot,hce_k_flat,100000,training-source temporal encoding deviance,373.8794904151012,false,not minimum,2012-2018,2019-2020,2021-2023,false,20260918,2026-09-18T18:36:54.164799+00:00,results/supplementary/kb2_pilot.json
pilot,hce_k_par,100,training-source temporal encoding deviance,872.4117388730263,false,not minimum,2012-2018,2019-2020,2021-2023,false,20260918,2026-09-18T18:36:54.164799+00:00,results/supplementary/kb2_pilot.json
pilot,hce_k_par,300,training-source temporal encoding deviance,811.2788826238958,false,not minimum,2012-2018,2019-2020,2021-2023,false,20260918,2026-09-18T18:36:54.164799+00:00,results/supplementary/kb2_pilot.json
pilot,hce_k_par,1000,training-source temporal encoding deviance,691.832747738233,false,not minimum,2012-2018,2019-2020,2021-2023,false,20260918,2026-09-18T18:36:54.164799+00:00,results/supplementary/kb2_pilot.json
pilot,hce_k_par,3000,training-source temporal encoding deviance,558.9375005172078,false,not minimum,2012-2018,2019-2020,2021-2023,false,20260918,2026-09-18T18:36:54.164799+00:00,results/supplementary/kb2_pilot.json
pilot,hce_k_par,10000,training-source temporal encoding deviance,447.08288356167026,false,not minimum,2012-2018,2019-2020,2021-2023,false,20260918,2026-09-18T18:36:54.164799+00:00,results/supplementary/kb2_pilot.json
pilot,hce_k_par,30000,training-source temporal encoding deviance,393.2955039221952,false,not minimum,2012-2018,2019-2020,2021-2023,false,20260918,2026-09-18T18:36:54.164799+00:00,results/supplementary/kb2_pilot.json
pilot,hce_k_par,100000,training-source temporal encoding deviance,372.11326379189853,true,minimum recorded deviance,2012-2018,2019-2020,2021-2023,false,20260918,2026-09-18T18:36:54.164799+00:00,results/supplementary/kb2_pilot.json
pilot,tweedie_variance_power,1.3,weighted Tweedie deviance,40.6690068060195,true,minimum pilot deviance,2012-2018,2019-2020,2021-2023,false,20260918,2026-09-18T18:36:54.164799+00:00,results/supplementary/kb2_pilot.json
pilot,tweedie_variance_power,1.5,weighted Tweedie deviance,41.58604591300997,false,not minimum,2012-2018,2019-2020,2021-2023,false,20260918,2026-09-18T18:36:54.164799+00:00,results/supplementary/kb2_pilot.json
pilot,tweedie_variance_power,1.7,weighted Tweedie deviance,42.00843535141773,false,not minimum,2012-2018,2019-2020,2021-2023,false,20260918,2026-09-18T18:36:54.164799+00:00,results/supplementary/kb2_pilot.json
locked_configuration,iterations::EAGB_xi1.3,582,pilot early-stopping iteration,582,true,locked before final test,2012-2018,2019-2020,2021-2023,false,20260918,2026-09-18T18:36:54.164799+00:00,results/prereg_H1.json
locked_configuration,iterations::EAGB_xi1.5,275,pilot early-stopping iteration,275,true,locked before final test,2012-2018,2019-2020,2021-2023,false,20260918,2026-09-18T18:36:54.164799+00:00,results/prereg_H1.json
locked_configuration,iterations::EAGB_xi1.7,112,pilot early-stopping iteration,112,true,locked before final test,2012-2018,2019-2020,2021-2023,false,20260918,2026-09-18T18:36:54.164799+00:00,results/prereg_H1.json
locked_configuration,iterations::EAGB (HCE đồng thời),582,pilot early-stopping iteration,582,true,locked before final test,2012-2018,2019-2020,2021-2023,false,20260918,2026-09-18T18:36:54.164799+00:00,results/prereg_H1.json
locked_configuration,iterations::GBDT + HCE tuần tự (GT2),592,pilot early-stopping iteration,592,true,locked before final test,2012-2018,2019-2020,2021-2023,false,20260918,2026-09-18T18:36:54.164799+00:00,results/prereg_H1.json
locked_configuration,iterations::GBDT + mã hóa phẳng co ngót (H1c),1394,pilot early-stopping iteration,1394,true,locked before final test,2012-2018,2019-2020,2021-2023,false,20260918,2026-09-18T18:36:54.164799+00:00,results/prereg_H1.json
locked_configuration,iterations::GBDT + mã hóa cấp quận (lùi về nút cha),380,pilot early-stopping iteration,380,true,locked before final test,2012-2018,2019-2020,2021-2023,false,20260918,2026-09-18T18:36:54.164799+00:00,results/prereg_H1.json
locked_configuration,iterations::GBDT phân loại nội tại (bang/quận/tract),1700,pilot early-stopping iteration,1700,true,locked before final test,2012-2018,2019-2020,2021-2023,false,20260918,2026-09-18T18:36:54.164799+00:00,results/prereg_H1.json
locked_configuration,iterations::GBDT không biến địa lý,3987,pilot early-stopping iteration,3987,true,locked before final test,2012-2018,2019-2020,2021-2023,false,20260918,2026-09-18T18:36:54.164799+00:00,results/prereg_H1.json
locked_configuration,iterations::EAGB-PG freq,433,pilot early-stopping iteration,433,true,locked before final test,2012-2018,2019-2020,2021-2023,false,20260918,2026-09-18T18:36:54.164799+00:00,results/prereg_H1.json
locked_configuration,iterations::EAGB-PG sev,499,pilot early-stopping iteration,499,true,locked before final test,2012-2018,2019-2020,2021-2023,false,20260918,2026-09-18T18:36:54.164799+00:00,results/prereg_H1.json
locked_configuration,iterations::CatBoost,21,pilot early-stopping iteration,21,true,locked before final test,2012-2018,2019-2020,2021-2023,false,20260918,2026-09-18T18:36:54.164799+00:00,results/prereg_H1.json
