model,num_leaves,min_data,best_iter,pilot_dev,sec,source,cap,cap_extension,selected_same_cap
EAGB,15,500,1673,40.65107959425669,92.52351832389832,historical_v4_tune,4000,False,True
EAGB,31,500,582,40.6690068060195,45.246612787246704,historical_v4_tune,4000,False,False
EAGB,31,100,1224,40.799156369081956,77.68527698516846,historical_v4_tune,4000,False,False
EAGB,63,500,735,41.38057014828043,59.7348108291626,historical_v4_tune,4000,False,False
EAGB,31,2000,1021,41.97075949716629,72.64176392555237,historical_v4_tune,4000,False,False
Phang,63,500,1166,43.23121415705271,104.85175347328186,historical_v4_tune,4000,False,True
Phang,31,100,1381,43.35689128606213,88.02775001525879,historical_v4_tune,4000,False,False
Phang,31,500,1394,43.56685955120669,93.97118520736694,historical_v4_tune,4000,False,False
Phang,15,500,2413,44.6085556123005,134.21682620048523,historical_v4_tune,4000,False,False
Phang,31,2000,1571,44.92677327085207,117.97345399856567,historical_v4_tune,4000,False,False
KhongDiaLy,63,500,8705,65.46886142275763,770.7566614151001,historical_v4_tune,12000,True,False
KhongDiaLy,63,500,3987,66.55005057184111,342.2935359477997,historical_v4_tune,4000,False,True
KhongDiaLy,31,100,3993,74.7224297400989,260.3203601837158,historical_v4_tune,4000,False,False
KhongDiaLy,31,500,3987,74.77792909627945,268.3028178215027,historical_v4_tune,4000,False,False
KhongDiaLy,31,2000,3993,77.93707269789934,312.5951933860779,historical_v4_tune,4000,False,False
KhongDiaLy,15,500,3993,82.72268149661357,218.0882706642151,historical_v4_tune,4000,False,False
DiaLyPhanLoai,31,2000,3993,77.26353807111879,329.7114734649658,historical_v4_tune,4000,False,True
DiaLyPhanLoai,31,2000,4500,77.31395248460791,375.700843334198,historical_v4_tune,12000,True,False
DiaLyPhanLoai,31,500,1700,80.40803336500403,199.61957788467407,historical_v4_tune,4000,False,False
DiaLyPhanLoai,31,100,1791,81.25990540744827,208.4955050945282,historical_v4_tune,4000,False,False
DiaLyPhanLoai,15,500,2662,81.73216330764777,239.55493474006653,historical_v4_tune,4000,False,False
DiaLyPhanLoai,63,500,994,81.78507125549929,147.17878103256226,historical_v4_tune,4000,False,False
TuanTu,31,500,592,48.52682711365234,21.54881453514099,postreview_same_grid,4000,False,False
TuanTu,15,500,592,49.556976046523765,18.43533706665039,postreview_same_grid,4000,False,False
TuanTu,63,500,608,47.83920887600978,25.8877055644989,postreview_same_grid,4000,False,True
TuanTu,31,100,590,48.11053059562175,21.366422176361084,postreview_same_grid,4000,False,False
TuanTu,31,2000,363,49.03932930817308,15.870787143707275,postreview_same_grid,4000,False,False
