"feature","coefficient"
"(Intercept)",3.60812944489168
"zone=A",0.668734010364591
"zone=D",-1.79491009900937
"zone=U",0.798979722243638
"zone=V",1.02394922063236
"zone=X",-0.696752870894154
"occ=MF",-0.665712965552995
"occ=NR",1.12733618876618
"occ=SF",-0.461623215104159
"prim=0",-0.113478376627454
"prim=1",0.113478376901538
"elev=0",-0.0530503985133323
"elev=1",0.053050403320125
"pfirm=0",0.445554065219559
"pfirm=1",-0.445554052553064
"floors=1",-0.0377601730732217
"floors=2",-0.0435904179593334
"floors=3",0.0554950507851889
"floors=4",-0.19127988402063
"floors=5",0.130561807320796
"floors=6",0.536994243481025
"floors=__infrequent__",-0.450420607897049
"ded=1-2k",0.316292460225439
"ded=2-5k",0.128040489634281
"ded=gt5k",-0.216536604429779
"ded=le1k",-0.227796350178558
"cov=100-200k",0.0376797926967931
"cov=200-250k",0.194740395275347
"cov=ge250k",0.564500975504849
"cov=lt100k",-0.796921162946972
"state=10",0.0342851763874112
"state=23",-1.2917550811634
"state=24",0.222589888298078
"state=25",-0.448921440314756
"state=33",-0.336596606010695
"state=34",1.10342298433408
"state=44",0.29034211346442
"state=9",0.426632975321565
"county=10001",-0.408628877280391
"county=10003",-0.393895183099918
"county=10005",0.836809236828208
"county=23001",-0.641043918005183
"county=23003",3.00568396995739
"county=23005",-1.06436539945512
"county=23007",2.89810565346836
"county=23009",-0.830159047768571
"county=23011",-0.188542502425645
"county=23013",-3.71939848009011
"county=23015",0.978696620535656
"county=23017",0.564312171320915
"county=23019",-0.171211692326145
"county=23021",-2.59013155186202
"county=23023",2.7053987052592
"county=23025",-2.11910382982482
"county=23027",0.978720869588803
"county=23029",-2.92984056167882
"county=23031",1.83112391214082
"county=24001",0.0720272404655459
"county=24003",-0.500487661194261
"county=24005",0.0625923334912637
"county=24009",-1.6621013251053
"county=24011",-2.60894428739566
"county=24013",0.512343038277031
"county=24015",-0.348228617867472
"county=24017",0.434257109169564
"county=24019",-1.65517296097699
"county=24021",0.509261138510624
"county=24023",0.708436977284919
"county=24025",-0.114798132199282
"county=24027",3.15907101234194
"county=24029",-1.84458977139322
"county=24031",-0.0209176198553916
"county=24033",-0.116307938675572
"county=24035",-0.710978604057661
"county=24037",-0.873643857110032
"county=24039",1.95520719477559
"county=24041",-0.552622491115241
"county=24043",0.304755091556844
"county=24045",2.60754518834107
"county=24047",-0.163649498534027
"county=24510",1.0695363295166
"county=25001",1.03455206093384
"county=25003",-1.89879284291858
"county=25005",-0.62539296656304
"county=25007",-0.633911485200996
"county=25009",1.98921396361124
"county=25011",-3.59272018919092
"county=25013",-2.47772530482098
"county=25015",-2.06824602832764
"county=25017",-0.0368366945043791
"county=25019",2.92435545072401
"county=25021",1.42283272548608
"county=25023",2.16751427158068
"county=25025",1.11950844332389
"county=25027",0.226727155770657
"county=33001",-0.477680860291874
"county=33003",0.970975730094204
"county=33005",1.48928216102074
"county=33007",0.0699175434950642
"county=33009",0.469301108078071
"county=33011",-0.872956147034161
"county=33013",-0.173748023408516
"county=33015",0.860883561264604
"county=33017",-2.81535646772639
"county=33019",0.142784788511553
"county=34001",1.92012086588032
"county=34003",1.53872563026612
"county=34005",-0.186059983400353
"county=34007",-0.815253070340565
"county=34009",1.15617403445729
"county=34011",2.04705872949416
"county=34013",0.53265734894941
"county=34015",-1.28869366313438
"county=34017",2.38060162301492
"county=34019",-3.46536826491343
"county=34021",-1.69021755148433
"county=34023",2.06734251933592
"county=34025",3.09174731368804
"county=34027",-2.78330757282206
"county=34029",3.04991884781529
"county=34031",-0.273697299543898
"county=34033",0.18742300666728
"county=34035",-1.62294841052094
"county=34037",-0.27974257130808
"county=34039",-0.256677947928028
"county=34041",-4.20638060953149
"county=44001",-0.527528826822188
"county=44003",-0.77470889567138
"county=44005",0.39940905752697
"county=44007",-0.557420882703473
"county=44009",1.75059166118987
"county=9001",2.39550967250993
"county=9003",-2.11907597386376
"county=9005",-1.755104739691
"county=9007",1.8507482490072
"county=9009",1.9892784950806
"county=9011",1.53636159821475
"county=9013",-3.49855390622594
"county=9015",0.0274695806318845
"logcov",-0.355197327524118
"cyear",0.021625562827678
"crs",-0.174381229861846
