"model","tweedie_dev_reference","gini_reference","rmse_rate_reference","mae_rate_reference","OE_reference","slope_reference","max_dec_dev_reference","tweedie_dev_oracle","gini_oracle","rmse_rate_oracle","mae_rate_oracle","OE_oracle","slope_oracle","max_dec_dev_oracle","tweedie_dev_abs_diff","gini_abs_diff","rmse_rate_abs_diff","mae_rate_abs_diff","OE_abs_diff","slope_abs_diff","max_dec_dev_abs_diff"
"EAGB (HCE đồng thời)",256.213338946105,0.452135639872169,9201.53657811525,663.582140563671,1.25848254958273,0.0809182830409549,32.513041539264,256.213338946105,0.452135639874756,9201.53657811524,663.582140563671,1.25848254958273,0.0809182830409523,32.5130415392641,1.70530256582424e-13,2.58659760277169e-12,3.63797880709171e-12,4.54747350886464e-13,2.22044604925031e-16,2.62290189567693e-15,1.4210854715202e-13
"GBDT + HCE tuần tự (GT2)",306.211212205496,0.354615385238759,8513.32787571385,642.494466667559,1.35434019890101,0.0243450878991651,80.4084137098797,306.211212205496,0.354615385241237,8513.32787571385,642.494466667558,1.35434019890101,0.0243450878991228,80.4084137098798,1.70530256582424e-13,2.4784618801732e-12,1.81898940354586e-12,3.41060513164848e-13,2.22044604925031e-16,4.22335777461313e-14,1.13686837721616e-13
"GBDT + mã hóa phẳng co ngót (H1c)",324.872252729128,0.517358351971303,12262.8986994641,1002.29854326312,0.590733240421018,0.0852378119853486,116.487527107764,324.872252729127,0.517358351974404,12262.8986994641,1002.29854326312,0.590733240421018,0.0852378119853785,116.487527107764,2.27373675443232e-13,3.10040881856821e-12,3.63797880709171e-12,7.95807864051312e-13,0,2.99066327258402e-14,5.25801624462474e-13
"GBDT + mã hóa cấp quận (lùi về nút cha)",272.799090382307,0.378575730546857,8309.49231117843,591.325323287596,1.67083771856137,0.070958922699344,37.3623112803541,272.799090382307,0.378575730549358,8309.49231117843,591.325323287596,1.67083771856137,0.0709589226992832,37.3623112803542,1.13686837721616e-13,2.5006663406657e-12,1.81898940354586e-12,3.41060513164848e-13,2.22044604925031e-16,6.07153216591882e-14,9.9475983006414e-14
"GBDT phân loại nội tại (bang/quận/tract)",883.114867597219,0.00690853299361249,8656.36140936366,978.998726307557,0.601124415449422,0.0144479664731488,2669.00516849492,883.114867597219,0.00690853299408145,8656.36140936366,978.998726307556,0.601124415449422,0.0144479664731408,2669.00516849491,6.82121026329696e-13,4.68958205601666e-13,3.63797880709171e-12,6.82121026329696e-13,0,7.98146271296929e-15,1.04591890703887e-11
"GBDT không biến địa lý",175.549606307478,0.386177453433039,8663.51288684718,1046.43225243295,0.531103946641138,0.147613307907395,26.0255121732943,175.549606307478,0.386177453433692,8663.51288684718,1046.43225243295,0.531103946641138,0.147613307907407,26.0255121732942,1.13686837721616e-13,6.53255227689442e-13,1.81898940354586e-12,6.82121026329696e-13,0,1.15740750317173e-14,5.32907051820075e-14
"EAGB-PG (Poisson–Gamma)",193.157211475813,0.425388224298346,10105.1162549554,690.373957591539,1.14994315966144,0.248959290518467,14.540045089954,193.157211475813,0.425388224300989,10105.1162549554,690.373957591539,1.14994315966144,0.248959290518431,14.540045089954,1.13686837721616e-13,2.64366306623742e-12,3.63797880709171e-12,2.27373675443232e-13,2.22044604925031e-16,3.66928709638614e-14,3.73034936274053e-14
"Tín nhiệm phân cấp thuần (HCE)",142.068303827861,0.411026137317846,8193.53347061265,1356.62142925805,0.362629337337764,-0.627688884116871,0.997336589113742,142.068303827861,0.411026137317902,8193.53347061265,1356.62142925805,0.362629337337764,-0.627688884116812,0.997336589113742,8.5265128291212e-14,5.59552404411079e-14,1.81898940354586e-12,6.82121026329696e-13,5.55111512312578e-17,5.91748872125208e-14,1.11022302462516e-16
"GLM Tweedie (đối chứng chính)",219.619670162825,0.0821469009086353,8660.35461891297,1704.77094079889,0.274188039828888,-0.368536702998666,22.1166598396224,219.619670162825,0.0821469009104541,8660.35461891297,1704.77094079889,0.274188039828888,-0.36853670299858,22.1166598396223,1.70530256582424e-13,1.81876735894093e-12,3.63797880709171e-12,1.13686837721616e-12,1.11022302462516e-16,8.59867732572184e-14,5.32907051820075e-14
"GLM Tweedie + spline (xấp xỉ GAM)",230.481931806821,0.0817596267935359,8676.05644214491,1713.88795184424,0.272439503771337,-0.420794221238869,32.3914169887187,230.481931806821,0.0817596267954801,8676.05644214491,1713.88795184424,0.272439503771337,-0.420794221238795,32.3914169887186,1.4210854715202e-13,1.94422256072357e-12,1.81898940354586e-12,6.82121026329696e-13,0,7.43849426498855e-14,1.4210854715202e-13
"CatBoost OTS (có thứ tự thời gian)",309.26284933955,0.364792307177244,8121.28760272229,393.316502917552,17.6548967575772,3.37804878865966,57.7011799614308,309.26284933955,0.364792307176828,8121.28760272228,393.316502917552,17.6548967575772,3.37804878866283,57.7011799614586,3.97903932025656e-13,4.15889545024584e-13,5.45696821063757e-12,3.41060513164848e-13,7.105427357601e-15,3.1730174043787e-12,2.77893263955775e-11
"Mô hình rỗng",169.58393014205,-3.07276426525505e-12,8166.91613108888,1627.91206717172,0.286539150192571,NA,0.98467011614393,169.583930142049,0,8166.91613108889,1627.91206717172,0.286539150192571,NA,0.984670116143933,3.12638803734444e-13,3.07276426525505e-12,9.09494701772928e-12,3.41060513164848e-12,3.88578058618805e-16,NA,2.33146835171283e-15
