"model","tweedie_dev","gini","rmse_rate","mae_rate","OE","slope","max_dec_dev"
"EAGB (HCE đồng thời)",256.213338946105,0.452135639874756,9201.53657811524,663.582140563671,1.25848254958273,0.0809182830409523,32.5130415392641
"GBDT + HCE tuần tự (GT2)",306.211212205496,0.354615385241237,8513.32787571385,642.494466667558,1.35434019890101,0.0243450878991228,80.4084137098798
"GBDT + mã hóa phẳng co ngót (H1c)",324.872252729127,0.517358351974404,12262.8986994641,1002.29854326312,0.590733240421018,0.0852378119853785,116.487527107764
"GBDT + mã hóa cấp quận (lùi về nút cha)",272.799090382307,0.378575730549358,8309.49231117843,591.325323287596,1.67083771856137,0.0709589226992832,37.3623112803542
"GBDT phân loại nội tại (bang/quận/tract)",883.114867597219,0.00690853299408145,8656.36140936366,978.998726307556,0.601124415449422,0.0144479664731408,2669.00516849491
"GBDT không biến địa lý",175.549606307478,0.386177453433692,8663.51288684718,1046.43225243295,0.531103946641138,0.147613307907407,26.0255121732942
"EAGB-PG (Poisson–Gamma)",193.157211475813,0.425388224300989,10105.1162549554,690.373957591539,1.14994315966144,0.248959290518431,14.540045089954
"Tín nhiệm phân cấp thuần (HCE)",142.068303827861,0.411026137317902,8193.53347061265,1356.62142925805,0.362629337337764,-0.627688884116812,0.997336589113742
"GLM Tweedie (đối chứng chính)",219.619670162825,0.0821469009104541,8660.35461891297,1704.77094079889,0.274188039828888,-0.36853670299858,22.1166598396223
"GLM Tweedie + spline (xấp xỉ GAM)",230.481931806821,0.0817596267954801,8676.05644214491,1713.88795184424,0.272439503771337,-0.420794221238795,32.3914169887186
"CatBoost OTS (có thứ tự thời gian)",309.26284933955,0.364792307176828,8121.28760272228,393.316502917552,17.6548967575772,3.37804878866283,57.7011799614586
"Mô hình rỗng",169.583930142049,0,8166.91613108889,1627.91206717172,0.286539150192571,NA,0.984670116143933
