year,profit_musd,retention,F3
2021,-16.675163009435106,0.8294927264006804,2.0881306047576054
2021,-3.821835210920855,0.7284072367324466,1.8341093637058976
2021,21.498652452937183,0.5127056673334907,2.5009799631628473
2021,20.94208464218188,0.5458057999561775,2.3976683004845305
2021,-7.099752441017069,0.7724804079718053,1.9215690001240586
2021,9.48537784872253,0.6606077062254859,2.0374799437499655
2021,21.28347320182506,0.5238548615054268,2.468618713991365
2021,12.42348760868257,0.637300020429826,2.1618875918838243
2021,6.895562072321277,0.6765687831570096,1.9547437212112366
2021,0.46694493184459074,0.721951982605597,1.8821900447513866
2021,-1.0751781107669234,0.7384675491549786,1.8653176776247453
2021,-10.251043128434498,0.7948489638259219,1.9726040171471204
2021,-1.8718816350409018,0.7172786793434829,1.8375898807313595
2021,21.331129347472,0.5238781505609978,2.4703812475083233
2021,17.1126328927767,0.5886626576970497,2.1875785166508868
2021,17.94860943334258,0.5769035745829301,2.2370819096592625
2021,17.191053577743713,0.5866259567625022,2.194089835039369
2021,18.10136754201882,0.5735203325374723,2.2495158234535015
2021,2.776044855646071,0.7019503993316982,1.9028696049530602
2021,4.912004271336253,0.6923908364008372,1.9173560609718971
2021,-12.209086422034312,0.8095266802537622,2.0128055221241925
2021,19.90001036887138,0.5482469478176262,2.3507444775367192
2021,-13.208406110173122,0.8125631739666304,2.018504221277194
2021,5.226512344911578,0.682685485973456,1.9327690588069135
2021,20.78452642937441,0.5501868799496461,2.375863660720541
2021,-10.69184700355726,0.8013939271603784,1.9962909066099477
2021,-14.434499537951456,0.8223258550155881,2.060442291634414
2021,-4.371153119987806,0.7562772090869404,1.9262599423148647
2021,-4.705855175957533,0.759058072055685,1.927557682088117
2021,-15.87929847895665,0.8244132716258569,2.0568140358742126
2021,-2.922226668395063,0.7230627487293967,1.835105748960897
2021,6.417766423743335,0.6793229723801888,1.9439909028749816
2021,1.5937123467271963,0.7128284648091021,1.8897045085130453
2021,-11.413047041414579,0.8063490528687838,2.0037707958045514
2021,18.933192551467403,0.5593330459926003,2.2911884199847767
2021,-1.2881582168850065,0.7398916552555481,1.867063333470788
2021,2.3135157570782723,0.7046535245918795,1.8974325622130472
2021,15.678250086616787,0.6165259468039593,2.143655045166272
2021,19.259507177591015,0.5557986753412981,2.3107941732573067
2021,19.72865715776531,0.5513597185856863,2.3346200608727097
2021,21.3462354829842,0.5152649782268669,2.4906167546744404
2021,-13.793966190099088,0.8199036045311565,2.050222207498331
2021,-13.403795805865363,0.8164453800727217,2.034825236196725
2021,13.899772660486502,0.630347648859514,2.076609085951379
2021,17.750322525357205,0.5954708313384292,2.216493342705223
2021,18.531440812326228,0.5652780775816166,2.2651960830483615
2021,-9.093827075722979,0.7822239771306116,1.9254291288145313
2021,14.335865763007062,0.6195430084654479,2.0871776605876353
2022,-10.286212388585522,0.7568364786549001,1.1925331885894626
2022,-25.999521063598177,0.810660762369648,1.3792777006734382
2022,23.68184791437156,0.5588043953571279,1.7397126292794076
2022,21.677483643025823,0.6155298176771783,1.5113609221857467
2022,20.11623813991004,0.6248809017484442,1.4769290518097922
2022,23.553845237958893,0.5681202970554795,1.6891004829500205
2022,-12.435775065935088,0.7707860922108506,1.2175300221683902
2022,22.384887530138432,0.6028124765786507,1.5498612850073252
2022,17.99350790066986,0.6429591866331552,1.4278252812243784
2022,19.798687285862094,0.6341156781926776,1.4566620156465067
2022,21.935298156456987,0.6103725461281362,1.5268567786414209
2022,-9.214539713853863,0.7535143120722131,1.1937735995374936
2022,0.09995933320864099,0.7394116394983006,1.2347050278675393
2022,-6.504515732294498,0.7660393088101868,1.2280922291089142
2022,16.108916755302644,0.6639105343807177,1.3882585716524976
2022,23.413917718131476,0.5753651709319348,1.6552246565731437
2022,-18.033653237039676,0.7936000376587999,1.2928533635153712
2022,-22.591609085949585,0.8074648272488492,1.3722213574278328
2022,-20.68011595281292,0.8021788036505287,1.3326768183073296
2022,1.8473973868471165,0.7298816664328777,1.2462830946146626
2022,-15.057139339808582,0.7927204713742305,1.2765543199951142
2022,13.2815822176664,0.6757542271389525,1.3583052952231065
2022,-2.0848427350200405,0.7275004811656356,1.2295696408732706
2022,12.807966578668923,0.6750088694430127,1.3507024548694617
2022,22.565925472655664,0.5867782644989188,1.6018951297262134
2022,17.875572335748753,0.6446306953235226,1.4219449234032506
2022,17.13406180873405,0.6497027933852426,1.405154781965503
2022,22.555353904592145,0.5940864957468073,1.578807322654196
2022,10.920520205966849,0.6891207775656658,1.307340836722101
2022,-13.112824075109366,0.7806114048268471,1.2533169634634633
2022,22.45114465762721,0.5964363384197149,1.5704151474554573
2022,23.45237991091865,0.5701316215889412,1.678738662894017
2022,-14.52736668670327,0.7876891127563005,1.26286968890413
2022,-6.023578882970936,0.7471143399465049,1.1990834757314155
2022,-3.71759849604359,0.7364171755506902,1.2104001485737568
2022,-17.835985157510212,0.7929073139108936,1.290279070290673
2022,9.5391702912506,0.6963969997462822,1.2823226145055957
2022,4.799609369387226,0.7185438377308269,1.2719775565476579
2022,-21.014670008567574,0.8004432185898945,1.326043333982343
2022,8.415592237765049,0.7007241305249217,1.2680528097230979
2022,10.751641915358414,0.6905832309014871,1.3037182366964428
2022,-20.895457054513642,0.7995248186081211,1.317698886521631
2022,23.0985841534227,0.5785493000687741,1.6411628396088342
2022,20.0392779314761,0.6277291929840247,1.4697334984726114
2022,5.190420922302889,0.71755926660818,1.2708695821379616
2022,6.306389939947339,0.7111694012868662,1.2484214193223209
2022,-4.647941401993133,0.7424730256175206,1.2031232446146862
2022,9.933141516859234,0.6952858156509315,1.2874972695821736
2023,64.79693244344554,0.7074053290047645,0.9134107186257994
2023,29.20669740064486,0.7847366782410965,0.8102289952363642
2023,-42.902285497768474,0.899132413026602,1.5364315945471285
2023,-42.97474951136363,0.8992289298146742,1.5362211320869292
2023,-34.48020925248044,0.8924951117971665,1.3839681479950747
2023,37.736834563154666,0.7702982101658165,0.8151591242254543
2023,43.95594239994167,0.7586857358487027,0.8250384839055879
2023,11.72135574410832,0.8350000586787673,0.8854751116043035
2023,-36.78632913900527,0.8949097225311781,1.446279757036003
2023,20.2240454158819,0.8154662207190869,0.8445630449555641
2023,28.394075062354542,0.8014644862627834,0.8283737339251379
2023,-29.575572153434287,0.8902018183180124,1.3568213754689509
2023,-3.8588731063549178,0.8559639727501177,0.9585270102121582
2023,-1.6296292949169784,0.8527517058061744,0.9404784046087098
2023,-15.24786608611458,0.8721764774711201,1.1307341587551907
2023,-20.523223669140524,0.8835478969954509,1.2653078449275061
2023,15.653059612666553,0.8289354728162757,0.8772271861695241
2023,-9.330965893250703,0.8672959468025726,1.0480139722869406
2023,-40.050181369290705,0.8979684000704413,1.5183646872564824
2023,-16.059293560650886,0.8731431127529538,1.1414126523577226
2023,61.61868391237302,0.7286239700073112,0.895219589229771
2023,-22.00338132779744,0.8824371047476799,1.2262816064266224
2023,56.33692309496189,0.7496408055671695,0.8565587714269831
2023,24.72758057007482,0.7918155736030839,0.812741959507066
2023,4.905478151803338,0.8479850675630314,0.9235229800408606
2023,-21.506845261237917,0.8818553865116585,1.212208342047139
2023,60.06633598722683,0.7337455679809985,0.8818723473036616
2023,63.72397197479393,0.7168428927089505,0.9021977192718139
2023,-6.0917076392972325,0.859778358396815,0.9903355208083623
2023,55.04171657393309,0.75163982533758,0.8513609562711294
2023,-18.245213647315175,0.8763428299493249,1.1885678367358836
2023,-10.293408791559015,0.8687127514179739,1.0600627374801121
2023,-12.75538074883893,0.8715035059311952,1.0812213586856885
2023,59.024217995295615,0.7412139408044572,0.8666043976027518
2023,23.553392826929322,0.7932548747866531,0.8135726898347447
2023,-8.121595621020155,0.8636773890000959,1.0192961461695627
2023,-17.989892444030655,0.8750724646414234,1.1724078034326102
2023,-38.16479629112787,0.896487526262151,1.4814520546684995
2023,-6.313004640937479,0.8600459696830856,0.9919783426224761
2023,58.918203218016046,0.7447346216831239,0.8684101581506096
2023,50.455162244734396,0.7555159545169375,0.8388677560038199
2023,20.60266373849971,0.8182827142449166,0.8504281799913038
2023,32.246490854851,0.7784285671693966,0.8112459432898608
2023,12.487601878835513,0.8321218421198472,0.8709379422132006
2023,64.62276241645054,0.7081876096996856,0.9117599430967436
2023,51.08632907601704,0.755349076533266,0.8406774415336579
2023,-8.203551935906097,0.8639455417295487,1.016610147122574
2023,60.7935363344571,0.7225901771258969,0.8839923703845689
