model,decile,observed_rate,expected_rate,log10_ratio
EAGB,1,8.857879589867913,0.43462940249004717,1.309210669568929
EAGB,2,43.26260389491945,1.2909184576467903,1.5252138448384216
EAGB,3,29.806966608251365,2.6228018921371143,1.0555522927509007
EAGB,4,91.53050170540718,5.0565039820249735,1.25771548927736
EAGB,5,245.75802880464857,9.150778085596107,1.4290496914860573
EAGB,6,483.1157874302678,16.51475157797965,1.4661791845170717
EAGB,7,684.4211308129026,30.856252864511735,1.3459802245997214
EAGB,8,589.5280942927913,64.79244100715918,0.9589801644959532
EAGB,9,805.6245687419821,163.36540546198293,0.6929726072264684
EAGB,10,753.1333111252221,2674.333696492404,-0.5503437395640085
GLM Tweedie,1,124.60872224077931,5.390429374541288,1.363925082429449
GLM Tweedie,2,287.0867727997429,18.505588800922837,1.1907102755271028
GLM Tweedie,3,354.71373901421254,42.849765865691694,0.9179295569391424
GLM Tweedie,4,420.2159947285137,90.06208427699119,0.6689305855075054
GLM Tweedie,5,375.5385027586927,174.09589199900432,0.33386594690379523
GLM Tweedie,6,538.879428825209,333.77990899818076,0.20803141324341823
GLM Tweedie,7,412.5668543456815,611.5497422645553,-0.17093745369105173
GLM Tweedie,8,521.0202978415531,1206.4597815702157,-0.36465820606861366
GLM Tweedie,9,526.9551661080912,2882.615503665368,-0.7380130515232675
GLM Tweedie,10,174.22614980454068,8259.160043053376,-1.675822542472388
Mã hóa phẳng,1,9.423634757994808,0.1051317007869521,1.9524847550007227
Mã hóa phẳng,2,58.11849264062625,0.49467798047462214,2.0699917628137103
Mã hóa phẳng,3,65.69822412264445,1.5448681996036093,1.6286621968621144
Mã hóa phẳng,4,104.8040988177542,3.4645590558868413,1.4807302993521283
Mã hóa phẳng,5,196.9365078612545,6.4477016266557765,1.4849213007243551
Mã hóa phẳng,6,200.99403830447005,10.407201767618275,1.285849201534454
Mã hóa phẳng,7,415.1485287311408,16.519208759975932,1.4002142615731428
Mã hóa phẳng,8,738.3258537591021,28.291568365192102,1.4165910526843506
Mã hóa phẳng,9,1059.6448899706797,62.4746787938171,1.2294563161975942
Mã hóa phẳng,10,886.6476200793397,6194.14720245175,-0.8442304693675142
EAGB-PG,1,4.4717721193579365,3.6431902978420143,0.08899780717387462
EAGB-PG,2,16.08537461361132,6.585924967786441,0.3878144011075232
EAGB-PG,3,96.19919293661609,10.51813540987256,0.9612326709426877
EAGB-PG,4,192.48815424508004,16.459565117755538,1.0679856516821238
EAGB-PG,5,314.40895365314975,23.77713694028209,1.1213353462303348
EAGB-PG,6,546.1543571452107,35.144966052786835,1.1914522745865046
EAGB-PG,7,564.3010268546878,59.33116079011304,0.9782279953373492
EAGB-PG,8,470.19730891200163,109.4603355233053,0.6330233641615419
EAGB-PG,9,581.7705900070105,239.83035034673168,0.38484762089387914
EAGB-PG,10,949.6651233322308,2743.9243992544098,-0.4608016527627017
