state,year,missing_fields,rows,positive_claims,amount
09,2010,ded,7,1,6536.25
09,2011,ded,21,16,737778.03
09,2012,ded,60,47,903803.7
09,2014,ded,4,2,23329.370000000003
09,2015,ded,1,1,2143.8
09,2018,ded,6,5,482793.43
09,2021,ded,12,6,241176.75999999998
09,2022,ded,1,1,12325.51
09,2023,ded,4,3,202753.22
09,2024,ded,8,4,24935.85
10,2011,ded,4,3,128500.19
10,2012,ded,8,6,231831.88
10,2013,ded,2,0,0.0
10,2014,ded,1,1,60805.97
10,2016,ded,1,0,0.0
10,2020,ded,4,4,65528.43
10,2021,ded,2,1,3068.61
10,2022,ded,2,0,0.0
10,2023,ded,2,0,0.0
23,2010,ded,2,1,7666.27
23,2011,ded,1,0,0.0
23,2013,ded,1,0,0.0
23,2014,ded,1,0,0.0
23,2016,ded,1,1,3077.0
23,2018,ded,3,3,74140.62
23,2019,ded,2,2,153400.0
23,2022,ded,3,2,126128.8
23,2023,ded,5,2,150000.0
23,2024,ded,5,4,68479.56
24,2011,ded,4,2,8176.26
24,2012,ded,12,4,140848.99
24,2014,ded,14,11,740286.36
24,2015,ded,2,1,18420.98
24,2016,ded,7,7,648790.38
24,2017,ded,2,2,5062.6
24,2018,ded,13,8,595886.86
24,2019,ded,4,2,81166.81
24,2020,ded,5,2,7989.33
24,2021,ded,10,7,588161.19
24,2022,ded,1,1,7012.22
24,2023,ded,2,1,300000.0
24,2024,ded,4,4,140753.08
24,2025,ded,2,1,13109.69
25,2010,ded,19,11,332956.88
25,2011,ded,8,4,92271.59
25,2012,ded,2,1,21399.76
25,2013,ded,2,1,14322.58
25,2014,ded,2,2,12499.44
25,2015,ded,3,2,13821.880000000001
25,2016,ded,1,1,10244.15
25,2018,ded,15,11,711355.26
25,2019,ded,1,1,1820.43
25,2021,ded,6,0,0.0
25,2022,ded,3,1,41531.82
25,2023,ded,6,3,76618.44
25,2024,ded,5,5,500373.7
33,2010,ded,2,1,3715.34
33,2012,ded,7,5,84142.06
33,2023,ded,5,2,118890.99
33,2024,ded,1,0,0.0
33,2025,ded,2,0,0.0
34,2010,ded,85,69,1545962.81
34,2011,ded,206,168,11417645.63
34,2012,ded,597,407,27379515.56
34,2013,ded,14,9,74096.57
34,2014,ded,16,9,341371.2
34,2015,ded,8,3,22770.0
34,2016,ded,31,18,643706.99
34,2017,ded,5,4,510660.37
34,2018,ded,15,10,730152.47
34,2019,ded,5,3,58021.32
34,2020,ded,7,1,42248.41
34,2021,ded,193,146,17953294.91
34,2022,ded,5,2,130690.18
34,2023,ded,25,14,930212.4099999999
34,2024,ded,25,19,1955822.19
34,2025,ded,13,10,883121.36
42,2011,ded,1,1,273167.78
42,2012,ded,1,1,1000000.0
42,2021,ded,1,1,470526.68
44,2010,ded,8,6,344016.66
44,2012,ded,6,4,41680.54
44,2013,ded,1,1,10000.0
44,2021,ded,1,1,25001.35
44,2022,ded,3,2,213913.88
44,2023,ded,6,5,590654.44
44,2024,ded,3,3,405979.42000000004
