state,year,N,S,matched_N,matched_S,attribute_N,attribute_S,no_tract_year_N,no_tract_year_S,exposure,cells,retained_N,retained_S,excluded_missing_key_N,excluded_missing_key_S,study_scope,state_name,unmatched_N,unmatched_S,unmatched_share_N,unmatched_share_S,observed_loss_rate,unmatched_amount_per_exposure,all_geocoded_amount_per_exposure,eligible_positive_N_before_group,eligible_amount_before_group,total_omitted_N,total_omitted_S,total_omitted_share_N,total_omitted_share_S
09,2010,677.0,8779262.76,542.0,7155951.97,135.0,1623310.79,0.0,0.0,37012.65160848734,21165,542.0,7155951.97,1.0,6536.25,True,CT,135.0,1623310.79,0.19940915805022155,0.18490285965652087,193.33799819840723,43.85826790177227,237.1962661001795,678.0,8785799.01,136.0,1629847.04,0.20058997050147492,0.18550925626057546
09,2011,3375.0,95160360.82,2829.0,80929919.4,546.0,14230441.42,0.0,0.0,39678.439425051336,21199,2829.0,80929919.4,16.0,737778.03,True,CT,546.0,14230441.419999987,0.16177777777777777,0.14954169254273314,2039.644718206941,358.6441812279409,2398.288899434882,3391.0,95898138.85,562.0,14968219.449999986,0.16573282217634916,0.15608456670272478
09,2012,5624.0,253730444.0,4836.0,222023106.46,788.0,31707337.54,0.0,0.0,40442.18480492813,21374,4836.0,222023106.46,47.0,903803.7,True,CT,788.0,31707337.53999999,0.14011379800853485,0.12496465556178979,5489.889023823092,784.0164346446549,6273.905458467747,5671.0,254634247.7,835.0,32611141.23999999,0.14724034561805677,0.12807052285606588
09,2013,43.0,410733.17,34.0,319685.07,9.0,91048.09999999999,0.0,0.0,41407.76454483231,22014,34.0,319685.07,0.0,0.0,True,CT,9.0,91048.09999999998,0.20930232558139536,0.22167213814262915,7.720413635318952,2.1988170817920376,9.91923071711099,43.0,410733.17,9.0,91048.09999999998,0.20930232558139536,0.22167213814262915
09,2014,41.0,385898.73,34.0,327941.01,7.0,57957.72,0.0,0.0,42153.853524982886,23747,34.0,327941.01,2.0,23329.370000000003,True,CT,7.0,57957.71999999997,0.17073170731707318,0.15018893687470797,7.779621139634188,1.3749091756380178,9.154530315272206,43.0,409228.1,9.0,81287.08999999997,0.20930232558139536,0.19863516215039967
09,2015,6.0,63508.61,4.0,31436.77,2.0,32071.84,0.0,0.0,41265.22655715264,26173,4.0,31436.77,1.0,2143.8,True,CT,2.0,32071.84,0.3333333333333333,0.5049998732455332,0.7618223047063573,0.7772122601963731,1.5390345649027304,7.0,65652.41,3.0,34215.64,0.42857142857142855,0.52116350336568
09,2016,6.0,42774.94,5.0,41656.97,1.0,1117.97,0.0,0.0,39707.8932238193,22217,5.0,41656.97,0.0,0.0,True,CT,1.0,1117.9700000000012,0.16666666666666666,0.026136097443970725,1.0490853736609607,0.028154855602597728,1.0772402292635583,6.0,42774.94,1.0,1117.9700000000012,0.16666666666666666,0.026136097443970725
09,2017,26.0,327685.47,22.0,246617.1,4.0,81068.37,0.0,0.0,38234.13826146475,19745,22.0,246617.1,0.0,0.0,True,CT,4.0,81068.36999999997,0.15384615384615385,0.24739690166915235,6.450180681816473,2.1203137741882045,8.570494456004678,26.0,327685.47,4.0,81068.36999999997,0.15384615384615385,0.24739690166915235
09,2018,323.0,9530397.06,297.0,8753616.55,26.0,776780.51,0.0,0.0,36932.63244353183,18699,297.0,8753616.55,5.0,482793.43,True,CT,26.0,776780.5099999998,0.0804953560371517,0.08150557685159024,237.01577631607623,21.032362401669005,258.04813871774525,328.0,10013190.49,31.0,1259573.9399999997,0.09451219512195122,0.12579146888875373
09,2019,28.0,522583.62,25.0,498983.51,3.0,23600.109999999997,0.0,0.0,35337.86721423682,17726,25.0,498983.51,0.0,0.0,True,CT,3.0,23600.109999999986,0.10714285714285714,0.04516044724096019,14.120362923288447,0.6678419457779851,14.788204869066432,28.0,522583.62,3.0,23600.109999999986,0.10714285714285714,0.04516044724096019
09,2020,18.0,268956.5,18.0,268956.5,0.0,0.0,0.0,0.0,33738.0424366872,16896,18.0,268956.5,0.0,0.0,True,CT,0.0,0.0,0.0,0.0,7.971905913175718,0.0,7.971905913175718,18.0,268956.5,0.0,0.0,0.0,0.0
09,2021,768.0,28627517.17,728.0,26451301.33,40.0,2176215.84,0.0,0.0,32134.39288158795,16286,728.0,26451301.33,6.0,241176.75999999998,True,CT,40.0,2176215.8400000036,0.052083333333333336,0.07601832275837575,823.1461359008841,67.72232629442053,890.8684621953046,774.0,28868693.930000003,46.0,2417392.6000000034,0.059431524547803614,0.08373751184801186
09,2022,38.0,995529.4299999999,38.0,995529.4299999999,0.0,0.0,0.0,0.0,31214.5954825462,15779,38.0,995529.4299999999,1.0,12325.51,True,CT,0.0,0.0,0.0,0.0,31.893074845600843,0.0,31.893074845600843,39.0,1007854.94,1.0,12325.51,0.02564102564102564,0.012229448416455646
09,2023,87.0,2329327.87,85.0,2179879.42,2.0,149448.45,0.0,0.0,31073.475701574265,14244,85.0,2179879.42,3.0,202753.22,True,CT,2.0,149448.4500000002,0.022988505747126436,0.06415947360815297,70.15241683728227,4.809518298991855,74.96193513627412,90.0,2532081.0900000003,5.0,352201.67000000016,0.05555555555555555,0.13909573093490465
09,2024,168.0,8131944.22,164.0,7978798.66,4.0,153145.56,0.0,0.0,31401.18275154004,13675,164.0,7978798.66,4.0,24935.85,True,CT,4.0,153145.5599999996,0.023809523809523808,0.018832588598351158,254.09229719567452,4.877063428207611,258.9693606238821,172.0,8156880.069999999,8.0,178081.4099999996,0.046511627906976744,0.021832049566961404
10,2010,44.0,1120164.84,35.0,952794.34,9.0,167370.5,0.0,0.0,23520.804928131416,8871,35.0,952794.34,0.0,0.0,True,DE,9.0,167370.50000000012,0.20454545454545456,0.14941595560167742,40.508577104877745,7.115849160409524,47.62442626528727,44.0,1120164.84,9.0,167370.50000000012,0.20454545454545456,0.14941595560167742
10,2011,181.0,4657788.89,131.0,3221492.52,50.0,1436296.37,0.0,0.0,23633.645448323066,9002,131.0,3221492.52,3.0,128500.19,True,DE,50.0,1436296.3699999996,0.27624309392265195,0.30836442009719334,136.30958994642032,60.7733738386057,197.082963785026,184.0,4786289.08,53.0,1564796.5599999996,0.28804347826086957,0.3269331488017852
10,2012,1294.0,17054085.89,954.0,12453269.81,340.0,4600816.08,0.0,0.0,24244.892539356606,8840,954.0,12453269.81,6.0,231831.88,True,DE,340.0,4600816.08,0.26275115919629055,0.26977793530978866,513.6450817335929,189.76434201684003,703.4094237504329,1300.0,17285917.77,346.0,4832647.96,0.26615384615384613,0.2795713843083959
10,2013,37.0,371079.01,22.0,256837.80000000002,15.0,114241.21,0.0,0.0,25050.78986995209,9027,22.0,256837.80000000002,0.0,0.0,True,DE,15.0,114241.20999999999,0.40540540540540543,0.30786222589092277,10.252682703153873,4.56038354850559,14.813066251659462,37.0,371079.01,15.0,114241.20999999999,0.40540540540540543,0.30786222589092277
10,2014,32.0,606283.66,23.0,297258.72000000003,9.0,309024.94,0.0,0.0,25043.854893908283,10262,23.0,297258.72000000003,1.0,60805.97,True,DE,9.0,309024.94,0.28125,0.5097035602114033,11.869527325535888,12.339351961153865,24.208879286689754,33.0,667089.63,10.0,369830.91000000003,0.30303030303030304,0.5543946320976388
10,2015,27.0,147283.83,27.0,147283.83,0.0,0.0,0.0,0.0,25764.761122518823,11574,27.0,147283.83,0.0,0.0,True,DE,0.0,0.0,0.0,0.0,5.71648342864982,0.0,5.71648342864982,27.0,147283.83,0.0,0.0,0.0,0.0
10,2016,118.0,1382451.82,113.0,1341765.59,5.0,40686.229999999996,0.0,0.0,25972.29568788501,9327,113.0,1341765.59,0.0,0.0,True,DE,5.0,40686.22999999998,0.0423728813559322,0.02943048677096029,51.66141669278306,1.5665242106025463,53.22794090338561,118.0,1382451.82,5.0,40686.22999999998,0.0423728813559322,0.02943048677096029
10,2017,8.0,74995.95,8.0,74995.95,0.0,0.0,0.0,0.0,25603.449691991787,8462,8.0,74995.95,0.0,0.0,True,DE,0.0,0.0,0.0,0.0,2.929134585463971,0.0,2.929134585463971,8.0,74995.95,0.0,0.0,0.0,0.0
10,2018,36.0,393949.34,32.0,316232.59,4.0,77716.75,0.0,0.0,25696.68720054757,8239,32.0,316232.59,0.0,0.0,True,DE,4.0,77716.75,0.1111111111111111,0.19727600000548293,12.30635636150256,3.0243879062490175,15.330744267751578,36.0,393949.34,4.0,77716.75,0.1111111111111111,0.19727600000548293
10,2019,10.0,99478.79000000001,9.0,85940.45,1.0,13538.34,0.0,0.0,25438.08076659822,8100,9.0,85940.45,0.0,0.0,True,DE,1.0,13538.340000000011,0.1,0.13609272891236424,3.378417215847712,0.5322076034044475,3.9106248192521598,10.0,99478.79000000001,1.0,13538.340000000011,0.1,0.13609272891236424
10,2020,54.0,1560304.82,51.0,1545313.67,3.0,14991.15,0.0,0.0,25045.127994524297,7823,51.0,1545313.67,4.0,65528.43,True,DE,3.0,14991.15000000014,0.05555555555555555,0.009607834192295925,61.70116879969059,0.598565517544079,62.29973431723467,58.0,1625833.25,7.0,80519.58000000013,0.1206896551724138,0.04952511581369131
10,2021,133.0,8902424.83,128.0,8583181.37,5.0,319243.46,0.0,0.0,24862.458590006845,7666,128.0,8583181.37,1.0,3068.61,True,DE,5.0,319243.4600000009,0.03759398496240601,0.03586028145098091,345.2265727835099,12.840381768531806,358.0669545520417,134.0,8905493.44,6.0,322312.0700000009,0.04477611940298507,0.03619249985096849
10,2022,9.0,77033.27,9.0,77033.27,0.0,0.0,0.0,0.0,25265.83436002738,7697,9.0,77033.27,0.0,0.0,True,DE,0.0,0.0,0.0,0.0,3.048910592158118,0.0,3.048910592158118,9.0,77033.27,0.0,0.0,0.0,0.0
10,2023,24.0,272414.48,24.0,272414.48,0.0,0.0,0.0,0.0,25806.63655030801,7047,24.0,272414.48,0.0,0.0,True,DE,0.0,0.0,0.0,0.0,10.555985452383513,0.0,10.555985452383513,24.0,272414.48,0.0,0.0,0.0,0.0
10,2024,16.0,447143.45999999996,16.0,447143.45999999996,0.0,0.0,0.0,0.0,25773.96577686516,6776,16.0,447143.45999999996,0.0,0.0,True,DE,0.0,0.0,0.0,0.0,17.348648006716846,0.0,17.348648006716846,16.0,447143.45999999996,0.0,0.0,0.0,0.0
23,2010,82.0,981986.84,62.0,629074.6,20.0,352912.24,0.0,0.0,8417.149897330595,7418,62.0,629074.6,1.0,7666.27,True,ME,20.0,352912.24,0.24390243902439024,0.3593859160067766,74.7372457035016,41.927759907414995,116.6650056109166,83.0,989653.11,21.0,360578.51,0.25301204819277107,0.3643483826368211
23,2011,22.0,443736.95,9.0,193899.08,13.0,249837.87,0.0,0.0,8604.4681724846,6942,9.0,193899.08,0.0,0.0,True,ME,13.0,249837.87000000002,0.5909090909090909,0.5630314761932718,22.53469663820144,29.035829407671294,51.57052604587273,22.0,443736.95,13.0,249837.87000000002,0.5909090909090909,0.5630314761932718
23,2012,23.0,534203.38,19.0,490605.04,4.0,43598.34,0.0,0.0,8716.301163586584,7024,19.0,490605.04,0.0,0.0,True,ME,4.0,43598.340000000026,0.17391304347826086,0.08161374793248224,56.28592114847553,5.001931344701286,61.287852493176814,23.0,534203.38,4.0,43598.340000000026,0.17391304347826086,0.08161374793248224
23,2013,23.0,475662.78,11.0,260067.07,12.0,215595.71,0.0,0.0,8862.080766598221,7061,11.0,260067.07,0.0,0.0,True,ME,12.0,215595.71000000002,0.5217391304347826,0.45325326904913604,29.346050532535237,24.32788818768102,53.673938720216256,23.0,475662.78,12.0,215595.71000000002,0.5217391304347826,0.45325326904913604
23,2014,22.0,587757.61,16.0,346994.84,6.0,240762.77000000002,0.0,0.0,8827.849418206708,7666,16.0,346994.84,0.0,0.0,True,ME,6.0,240762.76999999996,0.2727272727272727,0.4096293538419689,39.30683721047075,27.273094339766,66.57993155023675,22.0,587757.61,6.0,240762.76999999996,0.2727272727272727,0.4096293538419689
23,2015,5.0,89677.78,5.0,89677.78,0.0,0.0,0.0,0.0,8689.062286105407,8591,5.0,89677.78,0.0,0.0,True,ME,0.0,0.0,0.0,0.0,10.320766159474175,0.0,10.320766159474175,5.0,89677.78,0.0,0.0,0.0,0.0
23,2016,5.0,81371.68000000001,2.0,20333.760000000002,3.0,61037.920000000006,0.0,0.0,8343.498973305956,7223,2.0,20333.760000000002,1.0,3077.0,True,ME,3.0,61037.920000000006,0.6,0.7501125698768908,2.437078264773026,7.315626237299682,9.752704502072708,6.0,84448.68000000001,4.0,64114.920000000006,0.6666666666666666,0.7592175508249507
23,2017,11.0,412902.86,8.0,364871.97000000003,3.0,48030.89,0.0,0.0,8106.0287474332645,6351,8.0,364871.97000000003,0.0,0.0,True,ME,3.0,48030.889999999956,0.2727272727272727,0.11632491477535407,45.012419936893885,5.9253293439415335,50.93774928083542,11.0,412902.86,3.0,48030.889999999956,0.2727272727272727,0.11632491477535407
23,2018,95.0,2677964.08,88.0,2436520.73,7.0,241443.34999999998,0.0,0.0,8000.7830253251195,6146,88.0,2436520.73,3.0,74140.62,True,ME,7.0,241443.3500000001,0.07368421052631578,0.09015929369747189,304.5352838950397,30.177465035078715,334.71274893011844,98.0,2752104.7,10.0,315583.9700000001,0.10204081632653061,0.11467004507495665
23,2019,13.0,155456.91999999998,12.0,151898.86,1.0,3558.06,0.0,0.0,7874.726899383983,5952,12.0,151898.86,2.0,153400.0,True,ME,1.0,3558.0599999999977,0.07692307692307693,0.022887755656036398,19.289413073091154,0.45183281216753485,19.74124588525869,15.0,308856.92,3.0,156958.06,0.2,0.5081902001742425
23,2020,4.0,61213.54,4.0,61213.54,0.0,0.0,0.0,0.0,7553.897330595482,5669,4.0,61213.54,0.0,0.0,True,ME,0.0,0.0,0.0,0.0,8.103570557156946,0.0,8.103570557156946,4.0,61213.54,0.0,0.0,0.0,0.0
23,2021,4.0,195719.99,4.0,195719.99,0.0,0.0,0.0,0.0,7262.012320328542,5466,4.0,195719.99,0.0,0.0,True,ME,0.0,0.0,0.0,0.0,26.951205997285527,0.0,26.951205997285527,4.0,195719.99,0.0,0.0,0.0,0.0
23,2022,99.0,3404447.01,96.0,3319024.32,3.0,85422.69,0.0,0.0,7139.468856947296,5416,96.0,3319024.32,2.0,126128.8,True,ME,3.0,85422.68999999994,0.030303030303030304,0.025091502305392015,464.88392715241184,11.964852247639762,476.84877940005157,101.0,3530575.8099999996,5.0,211551.48999999993,0.04950495049504951,0.05991982650558068
23,2023,167.0,7971192.66,154.0,6896083.45,13.0,1075109.21,0.0,0.0,7144.963723477071,5032,154.0,6896083.45,2.0,150000.0,True,ME,13.0,1075109.21,0.07784431137724551,0.13487432255840118,965.1670346961603,150.4709123249127,1115.637947021073,169.0,8121192.66,15.0,1225109.21,0.08875739644970414,0.15085336123524495
23,2024,577.0,29118916.63,566.0,28727927.169999998,11.0,390989.45999999996,0.0,0.0,7658.967830253251,5304,566.0,28727927.169999998,4.0,68479.56,True,ME,11.0,390989.4600000009,0.019064124783362217,0.013427335397402143,3750.8875617055674,51.049889314794584,3801.937451020362,581.0,29187396.189999998,15.0,459469.0200000009,0.025817555938037865,0.015742035261008355
24,2010,152.0,1676521.1,118.0,1435785.62,34.0,240735.48,0.0,0.0,67078.94318959616,23820,118.0,1435785.62,0.0,0.0,True,MD,34.0,240735.47999999998,0.2236842105263158,0.14359227569518807,21.404416225547934,3.5888382934055776,24.99325451895351,152.0,1676521.1,34.0,240735.47999999998,0.2236842105263158,0.14359227569518807
24,2011,516.0,9814539.47,375.0,6824391.66,141.0,2990147.81,0.0,0.0,67873.07871321012,24375,375.0,6824391.66,2.0,8176.26,True,MD,141.0,2990147.8100000005,0.27325581395348836,0.30466511639593014,100.54636962669221,44.05499008869961,144.60135971539182,518.0,9822715.73,143.0,2998324.0700000003,0.27606177606177607,0.3052439012199735
24,2012,1287.0,22133876.86,1020.0,18532111.16,267.0,3601765.7,0.0,0.0,70039.71526351814,25017,1020.0,18532111.16,4.0,140848.99,True,MD,267.0,3601765.6999999993,0.20745920745920746,0.16272638195204991,264.5943246667208,51.42461939556264,316.0189440622834,1291.0,22274725.849999998,271.0,3742614.6899999995,0.2099147947327653,0.1680206847528945
24,2013,79.0,768724.33,52.0,542768.59,27.0,225955.74,0.0,0.0,71721.47296372347,25732,52.0,542768.59,0.0,0.0,True,MD,27.0,225955.74,0.34177215189873417,0.29393598092569806,7.567727872439693,3.150461509822697,10.71818938226239,79.0,768724.33,27.0,225955.74,0.34177215189873417,0.29393598092569806
24,2014,290.0,7072596.9,200.0,5945607.4399999995,90.0,1126989.46,0.0,0.0,71040.33675564681,28329,200.0,5945607.4399999995,11.0,740286.36,True,MD,90.0,1126989.460000001,0.3103448275862069,0.15934592002550022,83.69340168601325,15.864078233137308,99.55747991915055,301.0,7812883.260000001,101.0,1867275.8200000008,0.33554817275747506,0.23899958029066987
24,2015,57.0,553480.86,53.0,518213.32,4.0,35267.54,0.0,0.0,69670.64476386037,32517,53.0,518213.32,1.0,18420.98,True,MD,4.0,35267.53999999998,0.07017543859649122,0.06371952952447169,7.438043981886732,0.5062037263977496,7.944247708284482,58.0,571901.84,5.0,53688.519999999975,0.08620689655172414,0.09387715905932385
24,2016,190.0,10687114.49,179.0,10472579.57,11.0,214534.91999999998,0.0,0.0,67556.8514715948,26378,179.0,10472579.57,7.0,648790.38,True,MD,11.0,214534.91999999993,0.05789473684210526,0.020074166904522413,155.01876333599324,3.1756204637542065,158.19438379974744,197.0,11335904.870000001,18.0,863325.2999999999,0.09137055837563451,0.07615848138288055
24,2017,60.0,717509.42,54.0,623545.16,6.0,93964.26000000001,0.0,0.0,65925.41546885695,23393,54.0,623545.16,2.0,5062.6,True,MD,6.0,93964.26000000001,0.1,0.13095892176579368,9.458342515786823,1.4253116090620401,10.883654124848864,62.0,722572.02,8.0,99026.86000000002,0.12903225806451613,0.1370477367778509
24,2018,420.0,12572197.75,388.0,11718318.040000001,32.0,853879.71,0.0,0.0,65489.4264202601,22642,388.0,11718318.040000001,8.0,595886.86,True,MD,32.0,853879.709999999,0.0761904761904762,0.06791809411365639,178.93450409537823,13.038436228170095,191.97294032354833,428.0,13168084.61,40.0,1449766.569999999,0.09345794392523364,0.11009699686308433
24,2019,128.0,2293676.23,118.0,2023760.98,10.0,269915.25,0.0,0.0,64868.05749486653,21847,118.0,2023760.98,2.0,81166.81,True,MD,10.0,269915.25,0.078125,0.11767800811189467,31.198112879519392,4.1609886348355705,35.35910151435496,130.0,2374843.04,12.0,351082.06,0.09230769230769231,0.1478337953652718
24,2020,273.0,4741211.23,258.0,4322275.72,15.0,418935.51,0.0,0.0,63757.69746748802,20994,258.0,4322275.72,2.0,7989.33,True,MD,15.0,418935.5100000007,0.054945054945054944,0.08836043991231343,67.79221790755632,6.570744029983652,74.36296193753998,275.0,4749200.5600000005,17.0,426924.8400000007,0.06181818181818182,0.0898940431355463
24,2021,441.0,11885103.66,413.0,10914706.66,28.0,970397.0,0.0,0.0,62735.82203969884,20766,413.0,10914706.66,7.0,588161.19,True,MD,28.0,970397.0,0.06349206349206349,0.08164817302064659,173.97885777432296,15.467988916857403,189.44684669118035,448.0,12473264.85,35.0,1558558.19,0.078125,0.12495190383133731
24,2022,81.0,1212131.33,77.0,1186256.91,4.0,25874.42,0.0,0.0,62659.17864476386,20173,77.0,1186256.91,1.0,7012.22,True,MD,4.0,25874.42000000016,0.04938271604938271,0.021346218317779275,18.93189370906524,0.41293902281565203,19.344832731880892,82.0,1219143.55,5.0,32886.64000000016,0.06097560975609756,0.02697519910596267
24,2023,59.0,1748011.51,58.0,1739734.93,1.0,8276.58,0.0,0.0,63083.60301163587,18091,58.0,1739734.93,1.0,300000.0,True,MD,1.0,8276.580000000075,0.01694915254237288,0.004734854406078868,27.578242949742474,0.13120017888758584,27.70944312863006,60.0,2048011.51,2.0,308276.5800000001,0.03333333333333333,0.15052482786095284
24,2024,321.0,8116374.7299999995,317.0,8044257.45,4.0,72117.28,0.0,0.0,62820.14510609172,17373,317.0,8044257.45,4.0,140753.08,True,MD,4.0,72117.27999999933,0.012461059190031152,0.008885405417943207,128.05219466485985,1.147996074797447,129.2001907396573,325.0,8257127.81,8.0,212870.35999999932,0.024615384615384615,0.025780194384565223
25,2010,1990.0,33333722.48,1595.0,28335287.49,395.0,4998434.99,0.0,0.0,51066.4476386037,30961,1595.0,28335287.49,11.0,332956.88,True,MA,395.0,4998434.990000002,0.1984924623115578,0.14995129910855376,554.8709338571639,97.88100056173545,652.7519344188994,2001.0,33666679.36,406.0,5331391.870000002,0.2028985507246377,0.15835811465072278
25,2011,350.0,7720865.28,286.0,6650892.33,64.0,1069972.95,0.0,0.0,53274.253251197806,29814,286.0,6650892.33,4.0,92271.59,True,MA,64.0,1069972.9500000002,0.18285714285714286,0.1385819997107889,124.84252568759305,20.0842411615773,144.92676684917035,354.0,7813136.87,68.0,1162244.5400000003,0.192090395480226,0.14875517469336233
25,2012,173.0,3193309.83,139.0,2183509.66,34.0,1009800.1699999999,0.0,0.0,55383.594798083504,30667,139.0,2183509.66,1.0,21399.76,True,MA,34.0,1009800.1699999999,0.19653179190751446,0.3162236750450237,39.42520647062726,18.232839050652288,57.658045521279554,174.0,3214709.59,35.0,1031199.9299999999,0.20114942528735633,0.3207754545566898
25,2013,655.0,17901229.67,501.0,14752483.52,154.0,3148746.15,0.0,0.0,58082.98973305955,31746,501.0,14752483.52,1.0,14322.58,True,MA,154.0,3148746.1500000022,0.23511450381679388,0.17589552271243508,253.98974102056619,54.211158283537976,308.20089930410415,656.0,17915552.25,155.0,3163068.7300000023,0.23628048780487804,0.17655435265747962
25,2014,167.0,1956118.03,114.0,1430051.28,53.0,526066.75,0.0,0.0,59442.63381245722,36299,114.0,1430051.28,2.0,12499.44,True,MA,53.0,526066.75,0.31736526946107785,0.2689340530233751,24.057670198663175,8.849990591933592,32.907660790596765,169.0,1968617.47,55.0,538566.19,0.3254437869822485,0.2735758460987344
25,2015,357.0,9923551.08,313.0,8788381.14,44.0,1135169.94,0.0,0.0,62913.6810403833,41619,313.0,8788381.14,2.0,13821.880000000001,True,MA,44.0,1135169.9399999995,0.12324929971988796,0.11439150469914239,139.68950782515614,18.043292352761107,157.73280017791726,359.0,9937372.96,46.0,1148991.8199999994,0.12813370473537605,0.11562329648136697
25,2016,41.0,1219521.92,39.0,1213295.1600000001,2.0,6226.76,0.0,0.0,63432.2546201232,35409,39.0,1213295.1600000001,1.0,10244.15,True,MA,2.0,6226.7599999997765,0.04878048780487805,0.005105902483491053,19.12741660005721,0.09816393942308971,19.225580539480298,42.0,1229766.0699999998,3.0,16470.909999999778,0.07142857142857142,0.01339353101521152
25,2017,106.0,1237887.71,100.0,1172902.66,6.0,64985.05,0.0,0.0,62517.89185489391,31849,100.0,1172902.66,0.0,0.0,True,MA,6.0,64985.05000000005,0.05660377358490566,0.05249672444037759,18.761071834001466,1.0394632331946267,19.800535067196094,106.0,1237887.71,6.0,64985.05000000005,0.05660377358490566,0.05249672444037759
25,2018,1624.0,54609388.13,1525.0,51666926.57,99.0,2942461.56,0.0,0.0,60624.451745379876,30451,1525.0,51666926.57,11.0,711355.26,True,MA,99.0,2942461.5600000024,0.06096059113300493,0.05388197269296162,852.2456712185851,48.53588734060996,900.7815585591951,1635.0,55320743.39,110.0,3653816.820000002,0.0672782874617737,0.06604786190672342
25,2019,32.0,488945.56000000006,32.0,488945.56000000006,0.0,0.0,0.0,0.0,58668.112251882274,29076,32.0,488945.56000000006,1.0,1820.43,True,MA,0.0,0.0,0.0,0.0,8.334093960630428,0.0,8.334093960630428,33.0,490765.99000000005,1.0,1820.43,0.030303030303030304,0.0037093646199892537
25,2020,27.0,493889.15,27.0,493889.15,0.0,0.0,0.0,0.0,56580.55578370979,27742,27.0,493889.15,0.0,0.0,True,MA,0.0,0.0,0.0,0.0,8.72895543635145,0.0,8.72895543635145,27.0,493889.15,0.0,0.0,0.0,0.0
25,2021,149.0,4415750.82,141.0,4340667.28,8.0,75083.54,0.0,0.0,54572.8925393566,26633,141.0,4340667.28,0.0,0.0,True,MA,8.0,75083.54000000004,0.053691275167785234,0.017003572678949315,79.53888969454239,1.375839478287717,80.9147291728301,149.0,4415750.82,8.0,75083.54000000004,0.053691275167785234,0.017003572678949315
25,2022,95.0,4166308.48,94.0,4158664.73,1.0,7643.75,0.0,0.0,53943.51266255989,26019,94.0,4158664.73,1.0,41531.82,True,MA,1.0,7643.75,0.010526315789473684,0.001834657715983623,77.09295380918655,0.14169915199655198,77.23465296118312,96.0,4207840.3,2.0,49175.57,0.020833333333333332,0.011686653127021005
25,2023,224.0,6335022.76,215.0,6050431.91,9.0,284590.85000000003,0.0,0.0,54636.59685147159,23963,215.0,6050431.91,3.0,76618.44,True,MA,9.0,284590.8499999996,0.04017857142857143,0.044923413976810975,110.73954562814313,5.208795320353749,115.94834094849689,227.0,6411641.2,12.0,361209.28999999963,0.05286343612334802,0.05633647902817762
25,2024,230.0,6803521.84,229.0,6798438.74,1.0,5083.1,0.0,0.0,56127.23887748118,23128,229.0,6798438.74,5.0,500373.7,True,MA,1.0,5083.0999999996275,0.004347826086956522,0.0007471277552332554,121.12547981988125,0.09056387062074096,121.21604369050198,235.0,7303895.54,6.0,505456.79999999964,0.02553191489361702,0.06920372796021665
33,2010,140.0,2226943.86,105.0,1590011.3099999998,35.0,636932.55,0.0,0.0,8687.403148528405,6854,105.0,1590011.3099999998,1.0,3715.34,True,NH,35.0,636932.55,0.25,0.28601194733305946,183.02492503405213,73.31679434122873,256.3417193752809,141.0,2230659.1999999997,36.0,640647.89,0.2553191489361702,0.2872011511216057
33,2011,123.0,3291010.86,96.0,2839227.77,27.0,451783.09,0.0,0.0,8811.52361396304,6454,96.0,2839227.77,0.0,0.0,True,NH,27.0,451783.08999999985,0.21951219512195122,0.1372779091953528,322.2175748925944,51.27184693508499,373.4894218276794,123.0,3291010.86,27.0,451783.08999999985,0.21951219512195122,0.1372779091953528
33,2012,36.0,1737643.7499999998,28.0,1123247.94,8.0,614395.8099999999,0.0,0.0,8961.850787132102,6470,28.0,1123247.94,5.0,84142.06,True,NH,8.0,614395.8099999998,0.2222222222222222,0.3535798462717113,125.33660364138383,68.55679977200488,193.8934034133887,41.0,1821785.8099999998,13.0,698537.8699999999,0.3170731707317073,0.3834357838147833
33,2013,26.0,369324.39,15.0,220468.83000000002,11.0,148855.56,0.0,0.0,9055.301848049281,6581,15.0,220468.83000000002,0.0,0.0,True,NH,11.0,148855.56,0.4230769230769231,0.4030482795896583,24.346933288313746,16.438497854388686,40.78543114270243,26.0,369324.39,11.0,148855.56,0.4230769230769231,0.4030482795896583
33,2014,21.0,219756.62,16.0,175446.35,5.0,44310.27,0.0,0.0,8966.819986310746,7081,16.0,175446.35,0.0,0.0,True,NH,5.0,44310.26999999999,0.23809523809523808,0.20163337969067777,19.566172875985725,4.941581303923415,24.50775417990914,21.0,219756.62,5.0,44310.26999999999,0.23809523809523808,0.20163337969067777
33,2015,6.0,58143.25,5.0,55929.56,1.0,2213.69,0.0,0.0,8794.124572210814,7767,5.0,55929.56,0.0,0.0,True,NH,1.0,2213.6900000000023,0.16666666666666666,0.03807303513305504,6.35987806867506,0.25172374826201577,6.611601816937076,6.0,58143.25,1.0,2213.6900000000023,0.16666666666666666,0.03807303513305504
33,2016,2.0,76178.31000000001,1.0,73869.24,1.0,2309.07,0.0,0.0,8360.208076659823,6550,1.0,73869.24,0.0,0.0,True,NH,1.0,2309.070000000007,0.5,0.030311383909672012,8.835813573376177,0.2761976710180826,9.11201124439426,2.0,76178.31000000001,1.0,2309.070000000007,0.5,0.030311383909672012
33,2017,50.0,1084947.37,40.0,851369.38,10.0,233577.99,0.0,0.0,8022.247775496236,5836,40.0,851369.38,0.0,0.0,True,NH,10.0,233577.9900000001,0.2,0.21528969649467888,106.12603896385343,29.116277200195498,135.24231616404893,50.0,1084947.37,10.0,233577.9900000001,0.2,0.21528969649467888
33,2018,79.0,2428455.51,66.0,2082295.29,13.0,346160.22000000003,0.0,0.0,7813.7330595482545,5550,66.0,2082295.29,0.0,0.0,True,NH,13.0,346160.21999999974,0.16455696202531644,0.1425433649389771,266.4917362969636,44.301515979867986,310.7932522768316,79.0,2428455.51,13.0,346160.21999999974,0.16455696202531644,0.1425433649389771
33,2019,8.0,34158.09,8.0,34158.09,0.0,0.0,0.0,0.0,7686.297056810404,5396,8.0,34158.09,0.0,0.0,True,NH,0.0,0.0,0.0,0.0,4.444024183235853,0.0,4.444024183235853,8.0,34158.09,0.0,0.0,0.0,0.0
33,2020,0.0,0.0,0.0,0.0,0.0,0.0,0.0,0.0,7423.767282683094,5195,0.0,0.0,0.0,0.0,True,NH,0.0,0.0,,,0.0,0.0,0.0,0.0,0.0,0.0,0.0,,
33,2021,13.0,929118.24,12.0,925122.94,1.0,3995.3,0.0,0.0,7172.728268309377,5038,12.0,925122.94,0.0,0.0,True,NH,1.0,3995.3000000000466,0.07692307692307693,0.004300098553656687,128.97783178088423,0.5570125969573004,129.53484437784152,13.0,929118.24,1.0,3995.3000000000466,0.07692307692307693,0.004300098553656687
33,2022,72.0,1878780.51,67.0,1805089.11,5.0,73691.4,0.0,0.0,7119.397672826831,4885,67.0,1805089.11,0.0,0.0,True,NH,5.0,73691.3999999999,0.06944444444444445,0.03922299577186901,253.54520044436157,10.350791371194745,263.89599181555633,72.0,1878780.51,5.0,73691.3999999999,0.06944444444444445,0.03922299577186901
33,2023,82.0,1911867.57,78.0,1840128.42,4.0,71739.15,0.0,0.0,7087.189596167009,4500,78.0,1840128.42,2.0,118890.99,True,NH,4.0,71739.15000000014,0.04878048780487805,0.037523074885359414,259.6414834161066,10.122369244756637,269.7638526608633,84.0,2030758.56,6.0,190630.14000000013,0.07142857142857142,0.093871395524242
33,2024,221.0,10410520.05,216.0,10291573.63,5.0,118946.42000000001,0.0,0.0,7390.346338124572,4439,216.0,10291573.63,0.0,0.0,True,NH,5.0,118946.41999999993,0.02262443438914027,0.011425598282191475,1392.56986873658,16.0948370425336,1408.6647057791138,221.0,10410520.05,5.0,118946.41999999993,0.02262443438914027,0.011425598282191475
34,2010,4610.0,100774107.55,4286.0,95556112.05,324.0,5217995.5,0.0,0.0,217951.76728268308,71452,4286.0,95556112.05,69.0,1545962.81,True,NJ,324.0,5217995.5,0.0702819956616052,0.05177912885421529,438.4277918061746,23.94105615685267,462.3688479630273,4679.0,102320070.36,393.0,6763958.3100000005,0.08399230604830092,0.066105880168005
34,2011,19017.0,638073799.41,16516.0,559951735.83,2501.0,78122063.58,0.0,0.0,218556.553045859,69638,16516.0,559951735.83,168.0,11417645.63,True,NJ,2501.0,78122063.57999992,0.1315139086080875,0.12243421317759186,2562.0450543640627,357.4455329353946,2919.4905872994577,19185.0,649491445.04,2669.0,89539709.20999992,0.13911910346624967,0.13786126036577045
34,2012,68190.0,4094793494.89,59861.0,3616593651.68,8329.0,478199843.21,0.0,0.0,223205.00479123887,69016,59861.0,3616593651.68,407.0,27379515.56,True,NJ,8329.0,478199843.21000004,0.1221440093855404,0.11678240766152387,16203.013257084263,2142.4243764482567,18345.437633532518,68597.0,4122173010.45,8736.0,505579358.77000004,0.12735250812717758,0.12264874799973718
34,2013,199.0,2392837.69,158.0,1912119.85,41.0,480717.84,0.0,0.0,228926.15742642025,71761,158.0,1912119.85,9.0,74096.57,True,NJ,41.0,480717.83999999985,0.20603015075376885,0.2008986409771905,8.352561679696125,2.099881662297628,10.452443341993753,208.0,2466934.26,50.0,554814.4099999999,0.2403846153846154,0.22490036276848333
34,2014,409.0,6786818.91,319.0,5276152.96,90.0,1510665.95,0.0,0.0,226802.5325119781,77600,319.0,5276152.96,9.0,341371.2,True,NJ,90.0,1510665.9500000002,0.2200488997555012,0.22258822137925588,23.263201259542157,6.660710236647017,29.923911496189174,418.0,7128190.11,99.0,1852037.1500000001,0.23684210526315788,0.259818708735309
34,2015,103.0,1546139.19,93.0,1307775.27,10.0,238363.92,0.0,0.0,224602.5735797399,82332,93.0,1307775.27,3.0,22770.0,True,NJ,10.0,238363.91999999993,0.0970873786407767,0.15416718076979857,5.822619256567445,1.0612697628568106,6.883889019424256,106.0,1568909.19,13.0,261133.91999999993,0.12264150943396226,0.16644297940532807
34,2016,1232.0,25879844.53,1211.0,25052121.74,21.0,827722.79,0.0,0.0,220939.35112936344,67738,1211.0,25052121.74,18.0,643706.99,True,NJ,21.0,827722.7900000028,0.017045454545454544,0.03198329839425827,113.38913422141623,3.7463801073415763,117.1355143287578,1250.0,26523551.52,39.0,1471429.7800000028,0.0312,0.05547634821417018
34,2017,124.0,3150405.22,116.0,2963309.83,8.0,187095.39,0.0,0.0,215914.05065023957,62390,116.0,2963309.83,4.0,510660.37,True,NJ,8.0,187095.39000000013,0.06451612903225806,0.059387722192766085,13.724488152002127,0.8665271641032618,14.591015316105388,128.0,3661065.5900000003,12.0,697755.7600000001,0.09375,0.1905881615193898
34,2018,583.0,19357626.91,558.0,18869029.15,25.0,488597.76,0.0,0.0,211825.08692676248,60273,558.0,18869029.15,10.0,730152.47,True,NJ,25.0,488597.76000000164,0.04288164665523156,0.025240581517127797,89.07834961268716,2.3066095101801234,91.38495912286729,593.0,20087779.38,35.0,1218750.2300000016,0.05902192242833052,0.06067122736390794
34,2019,288.0,6608525.21,266.0,6251361.51,22.0,357163.7,0.0,0.0,207699.18412046545,57147,266.0,6251361.51,3.0,58021.32,True,NJ,22.0,357163.7000000002,0.0763888888888889,0.05404590111263269,30.09815149959478,1.7196201396383213,31.817771639233104,291.0,6666546.53,25.0,415185.0200000002,0.0859106529209622,0.06227887529647231
34,2020,146.0,2572982.82,137.0,2471032.9,9.0,101949.92,0.0,0.0,202793.97125256673,54088,137.0,2471032.9,1.0,42248.41,True,NJ,9.0,101949.91999999993,0.06164383561643835,0.03962324163516954,12.184942603261558,0.5027265819111946,12.687669185172751,147.0,2615231.23,10.0,144198.32999999993,0.06802721088435375,0.055137889279488275
34,2021,6576.0,348079426.18,6209.0,331564700.47,367.0,16514725.71,0.0,0.0,196565.3853524983,51834,6209.0,331564700.47,146.0,17953294.91,True,NJ,367.0,16514725.709999979,0.055809002433090026,0.0474452796341368,1686.7908857676498,84.01644918500948,1770.8073349526594,6722.0,366032721.09000003,513.0,34468020.619999975,0.07631657244867598,0.09416650106405375
34,2022,171.0,4517643.26,165.0,4410642.27,6.0,107000.99,0.0,0.0,198390.3600273785,50992,165.0,4410642.27,2.0,130690.18,True,NJ,6.0,107000.99000000022,0.03508771929824561,0.023685134890442903,22.23214005655979,0.5393457120861807,22.771485768645967,173.0,4648333.4399999995,8.0,237691.17000000022,0.046242774566473986,0.05113470732426636
34,2023,783.0,19257342.19,768.0,18799009.5,15.0,458332.69,0.0,0.0,202536.128678987,45566,768.0,18799009.5,14.0,930212.4099999999,True,NJ,15.0,458332.69000000134,0.019157088122605363,0.023800412615506486,92.81805484588777,2.2629675652902566,95.08102241117803,797.0,20187554.6,29.0,1388545.1000000013,0.03638644918444166,0.0687822337827882
34,2024,537.0,13531254.25,527.0,13417667.69,10.0,113586.56,0.0,0.0,200103.49623545515,43131,527.0,13417667.69,19.0,1955822.19,True,NJ,10.0,113586.56000000052,0.0186219739292365,0.008394385169431024,67.05363945371487,0.5676390574722742,67.62127851118714,556.0,15487076.44,29.0,2069408.7500000005,0.052158273381294966,0.13362165273848164
44,2010,1445.0,43378392.21,1207.0,37891479.29,238.0,5486912.92,0.0,0.0,15094.13004791239,8496,1207.0,37891479.29,6.0,344016.66,True,RI,238.0,5486912.920000002,0.16470588235294117,0.12648954100090198,2510.345357415323,363.5130280833161,2873.8583854986396,1451.0,43722408.87,244.0,5830929.580000002,0.16815988973121984,0.13336249604492575
44,2011,68.0,2220670.15,63.0,2156573.96,5.0,64096.19,0.0,0.0,15587.613963039015,8200,63.0,2156573.96,0.0,0.0,True,RI,5.0,64096.189999999944,0.07352941176470588,0.02886344466781793,138.3517685974016,4.111994956507348,142.46376355390896,68.0,2220670.15,5.0,64096.189999999944,0.07352941176470588,0.02886344466781793
44,2012,865.0,38101164.96,729.0,32672320.35,136.0,5428844.61,0.0,0.0,15750.49965776865,8095,729.0,32672320.35,4.0,41680.54,True,RI,136.0,5428844.609999999,0.15722543352601157,0.14248500316721022,2074.367230241167,344.6776120097447,2419.0448422509116,869.0,38142845.5,140.0,5470525.149999999,0.1611047180667434,0.14342205145654377
44,2013,22.0,462953.8,16.0,383362.38,6.0,79591.42000000001,0.0,0.0,15758.422997946613,8224,16.0,383362.38,1.0,10000.0,True,RI,6.0,79591.41999999998,0.2727272727272727,0.1719208698578562,24.327458404305666,5.050722398451359,29.378180802757026,23.0,472953.8,7.0,89591.41999999998,0.30434782608695654,0.1894295383608293
44,2014,24.0,143059.13,18.0,117596.81,6.0,25462.32,0.0,0.0,15629.59342915811,8991,18.0,117596.81,0.0,0.0,True,RI,6.0,25462.320000000007,0.25,0.17798458581427137,7.523983943217284,1.6291095552427006,9.153093498459985,24.0,143059.13,6.0,25462.320000000007,0.25,0.17798458581427137
44,2015,9.0,34881.25,8.0,33047.88,1.0,1833.37,0.0,0.0,15427.498973305956,9720,8.0,33047.88,0.0,0.0,True,RI,1.0,1833.3700000000026,0.1111111111111111,0.05256032969001979,2.142141124571287,0.11883779756992784,2.260978922141215,9.0,34881.25,1.0,1833.3700000000026,0.1111111111111111,0.05256032969001979
44,2016,1.0,4660.51,1.0,4660.51,0.0,0.0,0.0,0.0,14699.613963039013,8157,1.0,4660.51,0.0,0.0,True,RI,0.0,0.0,0.0,0.0,0.31704982264966103,0.0,0.31704982264966103,1.0,4660.51,0.0,0.0,0.0,0.0
44,2017,4.0,34995.549999999996,4.0,34995.549999999996,0.0,0.0,0.0,0.0,13834.891170431212,7004,4.0,34995.549999999996,0.0,0.0,True,RI,0.0,0.0,0.0,0.0,2.5295139346520235,0.0,2.5295139346520235,4.0,34995.549999999996,0.0,0.0,0.0,0.0
44,2018,37.0,527958.91,37.0,527958.91,0.0,0.0,0.0,0.0,13260.446269678303,6524,37.0,527958.91,0.0,0.0,True,RI,0.0,0.0,0.0,0.0,39.814565759166435,0.0,39.814565759166435,37.0,527958.91,0.0,0.0,0.0,0.0
44,2019,2.0,10754.789999999999,2.0,10754.789999999999,0.0,0.0,0.0,0.0,12550.09171800137,6294,2.0,10754.789999999999,0.0,0.0,True,RI,0.0,0.0,0.0,0.0,0.8569491157242892,0.0,0.8569491157242892,2.0,10754.789999999999,0.0,0.0,0.0,0.0
44,2020,12.0,122741.23,12.0,122741.23,0.0,0.0,0.0,0.0,11817.17453798768,5922,12.0,122741.23,0.0,0.0,True,RI,0.0,0.0,0.0,0.0,10.386681656045111,0.0,10.386681656045111,12.0,122741.23,0.0,0.0,0.0,0.0
44,2021,48.0,1634830.1500000001,42.0,1456206.01,6.0,178624.14,0.0,0.0,11150.403832991102,5568,42.0,1456206.01,1.0,25001.35,True,RI,6.0,178624.14000000013,0.125,0.10926158904030496,130.5967058961103,16.019522043811403,146.6162279399217,49.0,1659831.5000000002,7.0,203625.49000000014,0.14285714285714285,0.12267841042901048
44,2022,38.0,1837677.57,35.0,1650028.98,3.0,187648.59000000003,0.0,0.0,10975.173169062286,5433,35.0,1650028.98,2.0,213913.88,True,RI,3.0,187648.59000000008,0.07894736842105263,0.10211181388038604,150.34195402503866,17.09755163854355,167.4395056635822,40.0,2051591.4500000002,5.0,401562.4700000001,0.125,0.19573218147307062
44,2023,89.0,7240509.11,81.0,6888511.91,8.0,351997.2,0.0,0.0,11189.38535249829,5034,81.0,6888511.91,5.0,590654.44,True,RI,8.0,351997.2000000002,0.0898876404494382,0.04861497923037627,615.6291604044167,31.458135448110976,647.0872958525276,94.0,7831163.550000001,13.0,942651.6400000001,0.13829787234042554,0.12037184946801424
44,2024,111.0,5218414.85,109.0,5121959.72,2.0,96455.12999999999,0.0,0.0,11328.51471594798,4958,109.0,5121959.72,3.0,405979.42000000004,True,RI,2.0,96455.12999999989,0.018018018018018018,0.01848360714365204,452.1298553630726,8.514366836123092,460.64422219919567,114.0,5624394.27,5.0,502434.54999999993,0.043859649122807015,0.08933131745047453
